seed,dataset_index,label
42,3,1
42,6,1
42,10,1
42,14,1
42,23,1
42,26,1
42,30,1
42,34,1
42,37,1
42,42,1
42,54,1
42,57,1
42,61,1
42,62,0
42,66,1
42,76,1
42,77,1
42,80,1
42,84,1
42,85,1
42,87,1
42,95,1
42,97,1
42,98,1
42,102,1
42,109,1
42,113,1
42,116,1
42,117,1
42,120,1
42,121,1
42,122,1
42,127,0
42,132,1
42,136,1
42,139,1
42,141,1
42,142,1
42,148,1
42,149,1
42,151,1
42,159,0
42,163,1
42,165,1
42,166,1
42,170,0
42,171,1
42,177,1
42,178,1
42,186,1
42,188,1
42,189,1
42,190,1
42,193,1
42,194,0
42,198,1
42,209,1
42,211,0
42,212,1
42,215,0
42,222,1
42,225,1
42,227,1
42,228,1
42,232,1
42,234,0
42,237,0
42,241,1
42,243,0
42,246,1
42,247,1
42,251,1
42,255,0
42,256,1
42,260,1
42,261,1
42,262,0
42,263,0
42,265,1
42,267,1
42,273,1
42,276,0
42,280,1
42,288,1
42,291,1
42,295,1
42,296,1
42,298,1
42,303,0
42,305,1
42,307,1
42,311,1
42,312,1
42,313,1
42,319,0
42,325,1
42,329,0
42,331,1
42,349,0
42,352,0
42,354,1
42,360,1
42,362,0
42,367,0
42,370,1
42,380,1
42,383,1
42,385,1
42,386,1
42,389,0
42,394,1
42,395,1
42,397,1
42,404,1
42,407,1
42,408,1
42,411,1
42,414,1
42,416,1
42,419,1
42,421,0
42,424,1
42,439,0
42,443,0
42,453,0
42,460,1
42,465,1
42,470,1
42,489,1
42,490,1
42,492,0
42,497,1
42,499,1
42,502,1
42,505,1
42,511,1
42,513,0
42,516,1
42,517,0
42,523,1
42,526,1
42,537,1
42,539,1
42,540,0
42,548,1
42,549,0
42,550,0
42,552,0
42,553,1
42,555,0
42,556,1
42,557,1
42,558,1
42,560,1
42,571,0
42,576,1
42,577,1
42,580,1
42,588,1
42,598,1
42,600,0
42,603,0
42,606,0
42,611,1
42,619,1
42,621,0
42,625,1
42,628,1
42,631,1
42,632,1
42,634,1
42,637,1
42,639,1
42,642,1
42,646,1
42,650,0
42,656,1
42,663,0
42,667,1
42,671,1
42,675,0
42,676,1
42,680,1
42,683,0
42,684,1
42,696,1
42,700,0
42,710,1
42,711,1
42,714,1
42,719,1
42,722,1
42,724,1
42,726,1
42,728,0
42,730,1
42,731,1
42,737,1
42,745,1
42,749,1
42,756,1
42,761,0
42,764,0
42,766,1
42,769,0
42,779,1
42,787,1
42,789,1
42,791,1
42,800,0
42,803,1
42,805,1
42,807,1
42,808,0
42,817,0
42,829,1
42,834,1
42,837,1
42,839,1
42,840,1
42,851,1
42,853,1
42,858,0
42,862,1
42,870,1
42,873,0
42,875,1
42,879,1
42,881,1
42,886,0
42,897,0
42,901,1
42,903,1
42,906,0
42,910,1
42,911,1
42,918,1
42,921,1
42,926,1
42,931,0
42,932,1
42,934,1
42,944,0
42,947,0
42,950,1
42,958,1
42,963,1
42,964,0
42,965,1
42,967,1
42,970,1
42,972,1
42,985,1
42,988,1
42,1000,1
42,1004,0
42,1006,0
42,1007,1
42,1018,1
42,1022,1
42,1028,0
42,1030,0
42,1031,1
42,1032,1
42,1034,1
42,1038,0
42,1039,1
42,1049,1
42,1054,0
42,1055,0
42,1061,1
42,1063,0
42,1065,1
42,1070,1
42,1075,1
42,1082,1
42,1084,1
42,1086,1
42,1088,1
42,1089,1
42,1090,0
42,1092,1
42,1094,1
42,1100,1
42,1101,1
42,1103,1
42,1104,0
42,1105,0
42,1106,1
42,1110,0
42,1112,0
42,1116,0
42,1117,0
42,1121,1
42,1126,1
42,1127,1
42,1131,1
42,1136,1
42,1140,1
42,1141,0
42,1142,1
42,1147,1
42,1153,1
42,1160,1
42,1164,1
42,1165,1
42,1174,0
42,1183,0
42,1184,0
42,1185,0
42,1188,1
42,1189,1
42,1190,1
42,1204,1
42,1212,1
42,1213,0
42,1216,1
42,1221,0
42,1223,1
42,1227,0
42,1234,1
42,1238,1
42,1240,0
42,1244,1
42,1248,1
42,1253,1
42,1257,1
42,1262,1
42,1265,0
42,1269,1
42,1273,0
42,1274,0
42,1278,1
42,1284,1
42,1299,1
42,1307,1
42,1310,1
42,1312,1
42,1316,1
42,1319,0
42,1320,1
42,1335,0
42,1337,1
42,1339,1
42,1347,1
42,1350,1
42,1351,1
42,1357,0
42,1359,0
42,1365,1
42,1370,1
42,1372,0
42,1376,1
42,1381,1
42,1382,1
42,1384,0
42,1387,1
42,1389,1
42,1392,0
42,1394,1
42,1395,0
42,1397,1
42,1400,0
42,1402,1
42,1406,1
42,1408,0
42,1410,1
42,1413,1
42,1420,1
42,1424,1
42,1427,1
42,1428,1
42,1430,1
42,1431,0
42,1432,1
42,1433,1
42,1436,1
42,1438,1
42,1439,1
42,1441,1
42,1442,1
42,1446,1
42,1447,1
42,1448,1
42,1457,0
42,1458,1
42,1461,1
42,1464,0
42,1469,1
42,1474,1
42,1475,0
42,1480,0
42,1482,0
42,1485,1
42,1487,1
42,1488,1
42,1494,1
42,1501,1
42,1504,1
42,1506,1
42,1508,1
42,1517,1
42,1523,1
42,1524,1
42,1538,1
42,1546,1
42,1549,1
42,1557,0
42,1567,0
42,1568,0
42,1569,0
42,1570,1
42,1574,1
42,1576,1
42,1578,0
42,1583,1
42,1586,0
42,1587,1
42,1590,1
42,1592,1
42,1594,0
42,1596,1
42,1597,0
42,1598,1
42,1600,0
42,1601,1
42,1605,0
42,1611,1
42,1612,1
42,1616,1
42,1617,0
42,1620,0
42,1624,1
42,1627,1
42,1630,1
42,1631,0
42,1632,0
42,1643,0
42,1646,1
42,1647,1
42,1649,0
42,1652,1
42,1656,1
42,1661,1
42,1665,0
42,1669,1
42,1671,1
42,1677,1
42,1678,1
42,1679,1
42,1686,1
42,1689,1
42,1695,1
42,1704,1
42,1706,0
42,1707,0
42,1713,1
42,1715,0
42,1717,0
42,1722,1
42,1729,1
42,1731,1
42,1735,1
42,1738,0
42,1739,1
42,1740,1
42,1743,1
42,1745,1
42,1748,1
42,1754,1
42,1755,1
42,1762,1
42,1767,1
42,1769,1
42,1781,0
42,1782,0
42,1786,1
42,1787,1
42,1790,1
42,1796,1
42,1799,1
42,1800,0
42,1804,1
42,1805,1
42,1806,0
42,1817,1
42,1819,1
42,1820,1
42,1830,1
42,1832,1
42,1834,1
42,1843,1
42,1846,0
42,1850,0
42,1857,1
42,1858,1
42,1859,1
42,1869,1
42,1872,1
42,1873,1
42,1887,1
42,1895,1
42,1897,1
42,1900,1
42,1908,0
42,1924,1
42,1925,1
42,1926,1
42,1929,0
42,1934,1
42,1941,1
42,1943,1
42,1951,1
42,1956,1
42,1987,1
42,1990,0
42,1992,0
42,1996,1
42,1998,0
42,2003,0
42,2004,1
42,2007,1
42,2011,1
42,2014,0
42,2023,1
42,2026,1
42,2038,1
42,2043,1
42,2044,1
42,2045,1
42,2047,1
42,2050,0
42,2053,1
42,2057,1
42,2063,1
42,2066,0
42,2068,1
42,2084,1
42,2088,1
42,2091,1
42,2100,1
42,2108,1
42,2109,0
42,2110,1
42,2117,1
42,2118,0
42,2119,0
42,2127,1
42,2130,1
42,2133,1
42,2137,1
42,2147,1
42,2148,0
42,2150,1
42,2155,1
42,2156,1
42,2157,1
42,2160,1
42,2166,0
42,2190,1
42,2192,1
42,2193,1
42,2194,0
42,2200,0
42,2207,1
42,2212,0
42,2214,0
42,2217,0
42,2219,1
42,2225,0
42,2226,0
42,2231,0
42,2234,1
42,2239,1
42,2240,0
42,2246,0
42,2247,0
42,2249,1
42,2258,1
42,2260,0
42,2262,1
42,2266,0
42,2267,0
42,2272,1
42,2274,1
42,2283,0
42,2300,1
42,2301,0
42,2304,1
42,2306,1
42,2307,1
42,2318,1
42,2326,1
42,2333,1
42,2334,1
42,2339,1
42,2344,1
42,2348,0
42,2355,0
42,2357,1
42,2358,1
42,2360,1
42,2361,1
42,2363,0
42,2370,0
42,2376,1
42,2377,1
42,2381,1
42,2382,1
42,2387,1
42,2390,0
42,2399,1
42,2408,1
42,2412,1
42,2414,1
42,2422,0
42,2429,0
42,2434,1
42,2436,1
42,2441,0
42,2442,1
42,2447,1
42,2448,1
42,2453,0
42,2455,1
42,2459,1
42,2465,1
42,2469,0
42,2479,1
42,2480,1
42,2481,1
42,2484,1
42,2486,0
42,2492,1
42,2494,1
42,2496,1
42,2497,0
42,2499,1
42,2502,1
42,2505,1
42,2510,1
42,2517,1
42,2519,1
42,2521,1
42,2522,0
42,2529,0
42,2536,0
42,2541,1
42,2546,1
42,2548,0
42,2549,1
42,2551,1
42,2555,1
42,2561,1
42,2566,0
42,2568,1
42,2569,0
42,2571,1
42,2573,1
42,2576,1
42,2577,1
42,2584,1
42,2587,1
42,2588,1
42,2589,1
42,2590,1
42,2595,1
42,2604,1
42,2606,1
42,2607,1
42,2610,1
42,2621,1
42,2623,0
42,2624,1
42,2626,1
42,2628,1
42,2629,1
42,2630,1
42,2632,1
42,2643,1
42,2646,1
42,2659,1
42,2663,1
42,2664,1
42,2665,1
42,2669,0
42,2674,0
42,2676,0
42,2677,1
42,2679,1
42,2680,1
42,2683,0
42,2689,1
42,2695,0
42,2698,0
42,2704,0
42,2706,1
42,2707,0
42,2709,0
42,2716,0
42,2720,1
42,2723,1
42,2725,0
42,2727,0
42,2729,0
42,2730,0
42,2744,1
42,2746,1
42,2750,1
42,2751,1
42,2757,0
42,2759,0
42,2769,0
42,2770,0
42,2771,1
42,2776,0
42,2778,0
42,2791,1
42,2798,0
42,2799,1
42,2803,1
42,2810,1
42,2811,1
42,2822,1
42,2824,1
42,2826,0
42,2829,0
42,2830,1
42,2838,0
42,2842,1
42,2843,1
42,2849,0
42,2856,0
42,2860,0
42,2865,0
42,2870,1
42,2873,1
42,2877,1
42,2885,1
42,2895,1
42,2897,1
42,2903,1
42,2908,1
42,2910,1
42,2917,1
42,2939,1
42,2940,0
42,2944,0
42,2946,1
42,2947,1
42,2948,0
42,2954,1
42,2955,1
42,2957,1
42,2968,0
42,2977,1
42,2978,1
42,2981,1
42,2983,1
42,2990,1
42,2996,1
42,2998,1
42,3002,1
42,3011,1
42,3018,0
42,3021,1
42,3022,1
42,3027,1
42,3028,1
42,3033,1
42,3036,1
42,3038,1
42,3039,1
42,3045,1
42,3046,1
42,3048,1
42,3050,0
42,3052,0
42,3053,1
42,3055,1
42,3060,0
42,3062,1
42,3066,1
42,3074,0
42,3078,1
42,3082,1
42,3094,1
42,3097,1
42,3102,1
42,3104,1
42,3111,1
42,3113,1
42,3116,1
42,3134,1
42,3144,0
42,3146,1
42,3148,1
42,3152,1
42,3158,1
42,3162,1
42,3165,0
42,3167,0
42,3171,1
42,3173,1
42,3181,1
42,3186,0
42,3187,0
42,3188,1
42,3195,1
42,3200,0
42,3205,1
42,3206,0
42,3210,1
42,3218,1
42,3219,1
42,3229,0
42,3231,1
42,3232,1
42,3233,1
42,3238,1
42,3241,0
42,3246,0
42,3247,1
42,3250,1
42,3255,0
42,3256,1
42,3258,1
42,3263,0
42,3275,1
42,3278,1
42,3281,0
42,3288,1
42,3296,1
42,3299,0
42,3300,0
42,3301,0
42,3308,0
42,3313,1
42,3321,0
42,3329,1
42,3330,1
42,3342,1
42,3349,1
42,3355,1
42,3357,1
42,3359,1
42,3365,1
42,3374,1
42,3377,0
42,3379,1
42,3383,1
42,3387,1
42,3391,1
42,3392,1
42,3394,0
42,3401,0
42,3403,1
42,3408,1
42,3417,1
42,3422,0
42,3424,0
42,3433,1
42,3434,1
42,3435,0
42,3436,1
42,3441,1
42,3444,1
42,3447,1
42,3451,1
42,3455,0
42,3456,1
42,3459,0
42,3466,1
42,3468,0
42,3470,1
42,3477,0
42,3478,1
42,3480,1
42,3481,1
42,3482,1
42,3489,1
42,3494,0
42,3503,1
42,3509,0
42,3511,0
42,3512,1
42,3513,1
42,3516,1
42,3517,1
42,3527,1
42,3528,1
42,3530,1
42,3535,0
42,3537,1
42,3538,1
42,3539,1
42,3544,0
42,3548,1
42,3549,1
42,3551,1
42,3558,0
42,3563,1
42,3566,1
42,3568,1
42,3570,0
42,3577,1
42,3582,1
42,3589,1
42,3606,1
42,3607,1
42,3609,1
42,3612,1
42,3613,1
42,3615,1
42,3617,0
42,3618,1
42,3622,1
42,3624,1
42,3627,1
42,3630,1
42,3631,1
42,3634,1
42,3636,0
42,3637,1
42,3643,0
42,3659,1
42,3661,0
42,3665,0
42,3668,1
42,3676,1
42,3679,1
42,3683,1
42,3690,1
42,3694,1
42,3696,1
42,3706,1
42,3710,1
42,3711,1
42,3714,1
42,3718,0
42,3719,0
42,3723,1
42,3728,1
42,3729,0
42,3741,1
42,3746,1
42,3748,1
42,3750,1
42,3766,1
42,3769,1
42,3772,1
42,3774,0
42,3775,1
42,3787,1
42,3796,1
42,3800,0
42,3803,0
42,3814,1
42,3815,1
42,3817,1
42,3823,1
42,3824,1
42,3829,0
42,3835,1
42,3846,0
42,3849,1
42,3852,0
42,3853,1
42,3855,1
42,3862,1
42,3867,0
42,3871,1
42,3873,0
42,3874,1
42,3884,1
42,3885,1
42,3886,1
42,3904,1
42,3905,1
42,3909,1
42,3910,1
42,3913,1
42,3915,0
42,3923,0
42,3926,1
42,3929,0
42,3941,0
42,3947,0
42,3953,1
42,3961,1
42,3966,0
42,3970,1
42,3971,1
42,3972,0
42,3977,1
42,3980,1
42,3981,1
42,3983,1
42,3992,1
42,3993,1
42,3994,1
42,4002,1
42,4007,0
42,4010,1
42,4011,1
42,4012,1
42,4014,1
42,4015,1
42,4016,1
42,4022,1
42,4027,1
42,4029,1
42,4034,1
42,4039,1
42,4043,1
42,4053,0
42,4054,0
42,4055,1
42,4057,1
42,4062,1
42,4063,1
42,4064,1
42,4072,1
42,4078,1
42,4085,1
42,4086,1
42,4088,1
42,4089,1
42,4093,1
42,4099,0
42,4102,1
42,4104,1
42,4114,1
42,4115,1
42,4122,1
42,4125,0
42,4128,1
42,4136,1
42,4137,1
42,4142,1
42,4147,1
42,4151,1
42,4161,1
42,4170,1
42,4180,1
42,4181,1
42,4183,1
42,4187,1
42,4194,1
42,4198,1
42,4200,1
42,4204,0
42,4210,1
42,4211,0
42,4226,1
42,4236,1
42,4237,1
42,4255,1
42,4262,0
42,4266,1
42,4273,1
42,4276,1
42,4280,1
42,4287,1
42,4288,0
42,4292,1
42,4294,1
42,4295,1
42,4298,1
42,4300,1
42,4303,0
42,4305,1
42,4310,0
42,4316,1
42,4319,1
42,4321,1
42,4327,1
42,4328,1
42,4330,1
42,4331,1
42,4334,0
42,4339,1
42,4340,1
42,4342,1
42,4343,1
42,4348,1
42,4349,0
42,4353,1
42,4355,1
42,4367,1
42,4368,1
42,4371,1
42,4374,1
42,4376,1
42,4384,1
42,4386,1
42,4388,1
42,4389,1
42,4390,1
42,4397,1
42,4399,0
42,4400,1
42,4402,1
42,4403,1
42,4410,0
42,4414,1
42,4422,1
42,4426,1
42,4429,1
42,4430,0
42,4437,1
42,4438,1
42,4439,1
42,4445,0
42,4446,1
42,4449,1
42,4453,1
42,4457,1
42,4463,1
42,4471,0
42,4475,1
42,4483,0
42,4484,1
42,4487,1
42,4489,1
42,4490,1
42,4492,1
42,4493,1
42,4495,1
42,4498,1
42,4509,1
42,4514,1
42,4515,1
42,4530,1
42,4532,0
42,4537,1
42,4539,0
42,4544,0
42,4550,1
42,4552,0
42,4560,0
42,4561,1
42,4576,1
42,4581,1
42,4588,1
42,4591,1
42,4598,0
42,4606,1
42,4613,1
42,4620,1
42,4622,1
42,4632,1
42,4637,1
42,4642,1
42,4643,0
42,4644,1
42,4646,1
42,4649,1
42,4653,1
42,4654,1
42,4659,1
42,4661,1
42,4673,1
42,4674,1
42,4676,1
42,4677,1
42,4678,0
42,4683,1
42,4692,1
42,4694,1
42,4696,1
42,4699,1
42,4701,1
42,4702,0
42,4703,1
42,4704,1
42,4705,1
123,2,1
123,4,1
123,10,1
123,13,1
123,14,1
123,20,0
123,21,1
123,28,1
123,29,1
123,31,1
123,32,0
123,33,1
123,39,1
123,40,1
123,42,1
123,52,1
123,55,0
123,70,1
123,72,0
123,76,1
123,78,0
123,79,1
123,89,1
123,95,1
123,101,1
123,102,1
123,103,1
123,104,0
123,112,1
123,113,1
123,114,1
123,117,1
123,125,1
123,130,1
123,138,1
123,139,1
123,143,1
123,155,1
123,158,1
123,162,1
123,165,1
123,170,0
123,181,1
123,183,0
123,185,1
123,190,1
123,195,1
123,201,1
123,206,0
123,207,1
123,208,1
123,211,0
123,212,1
123,215,0
123,217,0
123,236,0
123,241,1
123,244,1
123,253,1
123,273,1
123,278,1
123,279,0
123,283,0
123,290,1
123,291,1
123,299,1
123,300,0
123,301,0
123,309,0
123,313,1
123,321,1
123,322,1
123,325,1
123,341,1
123,342,1
123,348,1
123,351,1
123,358,0
123,359,0
123,362,0
123,363,1
123,370,1
123,372,1
123,374,1
123,381,1
123,385,1
123,388,0
123,391,0
123,396,0
123,397,1
123,403,1
123,420,1
123,426,0
123,427,1
123,442,1
123,443,0
123,445,1
123,451,0
123,467,1
123,477,0
123,479,0
123,481,1
123,482,1
123,486,1
123,487,1
123,490,1
123,506,1
123,507,1
123,514,1
123,516,1
123,517,0
123,522,0
123,523,1
123,525,1
123,529,1
123,533,1
123,534,0
123,542,1
123,543,0
123,549,0
123,555,0
123,565,0
123,567,1
123,571,0
123,573,1
123,576,1
123,584,1
123,588,1
123,589,0
123,590,1
123,591,1
123,597,0
123,599,1
123,600,0
123,603,0
123,604,0
123,616,1
123,617,0
123,619,1
123,621,0
123,627,1
123,628,1
123,633,1
123,635,1
123,639,1
123,640,0
123,644,1
123,645,1
123,661,1
123,665,0
123,667,1
123,669,0
123,679,0
123,683,0
123,688,1
123,689,0
123,695,1
123,700,0
123,703,0
123,704,1
123,713,1
123,714,1
123,716,0
123,717,1
123,720,1
123,722,1
123,725,0
123,730,1
123,731,1
123,733,1
123,736,1
123,737,1
123,740,1
123,743,1
123,744,1
123,746,1
123,747,1
123,748,1
123,750,1
123,752,1
123,753,1
123,754,1
123,759,1
123,761,0
123,763,1
123,764,0
123,766,1
123,768,1
123,773,0
123,775,1
123,778,1
123,780,1
123,781,1
123,784,0
123,786,0
123,790,1
123,793,1
123,797,1
123,798,0
123,803,1
123,805,1
123,808,0
123,809,1
123,811,1
123,812,1
123,816,1
123,817,0
123,819,1
123,821,1
123,824,1
123,826,1
123,827,1
123,839,1
123,841,1
123,845,1
123,848,1
123,860,1
123,866,1
123,867,1
123,869,1
123,874,0
123,877,1
123,879,1
123,882,1
123,887,1
123,891,0
123,893,0
123,894,0
123,901,1
123,904,1
123,920,1
123,922,1
123,931,0
123,935,1
123,937,1
123,938,1
123,943,1
123,944,0
123,945,1
123,947,0
123,951,1
123,955,0
123,960,1
123,961,1
123,969,1
123,971,0
123,972,1
123,973,1
123,974,0
123,981,0
123,982,0
123,983,1
123,993,1
123,1002,1
123,1005,1
123,1006,0
123,1009,1
123,1019,1
123,1023,0
123,1024,1
123,1025,1
123,1030,0
123,1036,1
123,1041,1
123,1042,1
123,1047,1
123,1050,1
123,1062,1
123,1068,0
123,1069,0
123,1070,1
123,1073,1
123,1074,0
123,1077,0
123,1082,1
123,1089,1
123,1092,1
123,1095,1
123,1099,1
123,1101,1
123,1104,0
123,1112,0
123,1118,1
123,1120,1
123,1121,1
123,1123,1
123,1125,1
123,1129,1
123,1131,1
123,1135,1
123,1136,1
123,1140,1
123,1142,1
123,1147,1
123,1148,0
123,1150,1
123,1154,1
123,1155,1
123,1157,0
123,1160,1
123,1163,0
123,1167,1
123,1170,1
123,1174,0
123,1180,1
123,1182,0
123,1184,0
123,1185,0
123,1190,1
123,1193,1
123,1203,0
123,1204,1
123,1206,0
123,1209,0
123,1210,1
123,1213,0
123,1214,1
123,1222,1
123,1223,1
123,1224,1
123,1225,1
123,1233,0
123,1234,1
123,1235,1
123,1236,1
123,1241,1
123,1247,1
123,1249,1
123,1266,1
123,1267,1
123,1273,0
123,1280,1
123,1283,1
123,1290,0
123,1307,1
123,1314,1
123,1324,1
123,1327,1
123,1331,1
123,1342,1
123,1343,1
123,1348,0
123,1351,1
123,1352,1
123,1358,0
123,1359,0
123,1369,1
123,1375,1
123,1377,0
123,1381,1
123,1382,1
123,1388,1
123,1396,1
123,1398,1
123,1415,1
123,1417,0
123,1423,1
123,1427,1
123,1428,1
123,1434,0
123,1438,1
123,1439,1
123,1441,1
123,1444,1
123,1446,1
123,1447,1
123,1449,1
123,1450,0
123,1453,1
123,1457,0
123,1461,1
123,1463,1
123,1466,1
123,1467,1
123,1473,1
123,1474,1
123,1480,0
123,1484,1
123,1486,0
123,1487,1
123,1499,0
123,1500,1
123,1503,0
123,1505,1
123,1512,1
123,1513,1
123,1515,0
123,1517,1
123,1520,1
123,1521,1
123,1522,0
123,1527,1
123,1528,1
123,1529,0
123,1534,1
123,1539,0
123,1541,1
123,1546,1
123,1550,1
123,1560,1
123,1582,0
123,1587,1
123,1591,1
123,1592,1
123,1596,1
123,1598,1
123,1606,0
123,1608,1
123,1609,0
123,1613,0
123,1616,1
123,1623,1
123,1624,1
123,1627,1
123,1628,1
123,1633,0
123,1644,0
123,1645,0
123,1646,1
123,1656,1
123,1658,1
123,1660,1
123,1662,0
123,1676,0
123,1678,1
123,1680,0
123,1684,1
123,1688,1
123,1691,0
123,1697,1
123,1703,1
123,1704,1
123,1718,1
123,1720,1
123,1723,1
123,1725,1
123,1729,1
123,1739,1
123,1741,0
123,1744,1
123,1750,1
123,1757,1
123,1758,1
123,1764,1
123,1785,1
123,1788,1
123,1789,1
123,1792,1
123,1793,1
123,1794,1
123,1795,1
123,1799,1
123,1815,1
123,1822,1
123,1824,1
123,1825,1
123,1830,1
123,1836,0
123,1840,1
123,1841,1
123,1847,1
123,1849,1
123,1859,1
123,1860,1
123,1866,1
123,1872,1
123,1879,1
123,1881,1
123,1883,0
123,1888,1
123,1892,1
123,1893,1
123,1896,1
123,1898,1
123,1901,1
123,1903,1
123,1904,1
123,1911,0
123,1913,1
123,1916,1
123,1919,1
123,1920,0
123,1922,1
123,1925,1
123,1931,1
123,1932,1
123,1935,1
123,1938,1
123,1940,1
123,1941,1
123,1942,1
123,1949,0
123,1953,1
123,1955,1
123,1956,1
123,1960,1
123,1961,1
123,1968,0
123,1969,0
123,1973,1
123,1977,1
123,1978,0
123,1979,1
123,1987,1
123,1993,1
123,2003,0
123,2006,1
123,2015,1
123,2018,1
123,2022,1
123,2025,1
123,2029,1
123,2033,1
123,2035,1
123,2039,1
123,2042,0
123,2046,1
123,2056,0
123,2062,0
123,2065,1
123,2066,0
123,2067,1
123,2073,1
123,2074,1
123,2077,1
123,2080,1
123,2084,1
123,2093,0
123,2100,1
123,2102,0
123,2105,1
123,2110,1
123,2115,1
123,2116,1
123,2122,1
123,2124,1
123,2126,1
123,2130,1
123,2132,1
123,2137,1
123,2145,0
123,2146,1
123,2147,1
123,2148,0
123,2154,1
123,2155,1
123,2160,1
123,2166,0
123,2167,0
123,2169,1
123,2171,0
123,2177,1
123,2187,1
123,2188,1
123,2189,1
123,2199,1
123,2206,0
123,2208,0
123,2213,1
123,2218,1
123,2223,0
123,2227,1
123,2230,1
123,2231,0
123,2233,1
123,2234,1
123,2240,0
123,2248,1
123,2258,1
123,2262,1
123,2265,0
123,2266,0
123,2267,0
123,2268,0
123,2275,1
123,2277,1
123,2280,0
123,2289,1
123,2290,1
123,2294,1
123,2295,1
123,2302,1
123,2303,1
123,2308,0
123,2309,1
123,2319,0
123,2328,1
123,2330,1
123,2336,1
123,2340,1
123,2342,0
123,2343,1
123,2345,1
123,2347,1
123,2349,1
123,2351,1
123,2353,1
123,2356,0
123,2358,1
123,2366,1
123,2368,1
123,2375,0
123,2377,1
123,2384,1
123,2387,1
123,2388,1
123,2394,0
123,2395,1
123,2396,1
123,2400,1
123,2401,1
123,2405,0
123,2406,1
123,2408,1
123,2409,1
123,2415,1
123,2422,0
123,2428,0
123,2446,1
123,2454,1
123,2457,0
123,2461,1
123,2470,0
123,2471,1
123,2472,1
123,2476,1
123,2486,0
123,2489,0
123,2491,1
123,2492,1
123,2496,1
123,2499,1
123,2502,1
123,2504,1
123,2506,0
123,2507,1
123,2508,1
123,2510,1
123,2515,0
123,2520,1
123,2526,0
123,2531,1
123,2533,1
123,2535,0
123,2537,0
123,2540,1
123,2542,1
123,2553,1
123,2556,1
123,2563,1
123,2566,0
123,2568,1
123,2570,0
123,2571,1
123,2576,1
123,2586,0
123,2588,1
123,2592,1
123,2595,1
123,2598,0
123,2605,1
123,2613,1
123,2615,1
123,2617,1
123,2619,0
123,2620,0
123,2621,1
123,2622,1
123,2627,1
123,2636,1
123,2637,1
123,2651,0
123,2652,0
123,2655,0
123,2659,1
123,2660,0
123,2663,1
123,2671,1
123,2674,0
123,2678,1
123,2679,1
123,2689,1
123,2692,1
123,2693,1
123,2694,1
123,2696,1
123,2699,1
123,2702,1
123,2709,0
123,2715,1
123,2717,1
123,2726,1
123,2730,0
123,2734,1
123,2735,1
123,2737,1
123,2738,1
123,2739,1
123,2740,1
123,2762,1
123,2766,1
123,2773,0
123,2774,1
123,2775,1
123,2779,1
123,2782,1
123,2783,1
123,2789,0
123,2795,1
123,2799,1
123,2804,1
123,2805,1
123,2809,1
123,2817,1
123,2823,0
123,2824,1
123,2825,0
123,2833,1
123,2845,1
123,2856,0
123,2867,1
123,2869,1
123,2871,1
123,2872,0
123,2875,1
123,2876,1
123,2887,1
123,2889,1
123,2891,1
123,2900,0
123,2902,0
123,2906,1
123,2914,1
123,2918,1
123,2919,1
123,2925,1
123,2927,1
123,2929,0
123,2932,1
123,2936,1
123,2940,0
123,2942,0
123,2943,1
123,2948,0
123,2952,1
123,2962,1
123,2968,0
123,2971,1
123,2974,1
123,2976,1
123,2977,1
123,2980,1
123,2981,1
123,2983,1
123,2993,1
123,2994,1
123,3001,1
123,3011,1
123,3017,0
123,3018,0
123,3024,0
123,3028,1
123,3030,1
123,3046,1
123,3051,1
123,3052,0
123,3053,1
123,3055,1
123,3059,1
123,3066,1
123,3070,1
123,3071,1
123,3074,0
123,3076,1
123,3079,0
123,3082,1
123,3088,1
123,3098,0
123,3102,1
123,3105,1
123,3107,0
123,3110,1
123,3115,1
123,3118,1
123,3123,1
123,3127,0
123,3129,0
123,3135,1
123,3136,1
123,3139,0
123,3144,0
123,3146,1
123,3148,1
123,3153,1
123,3156,1
123,3161,1
123,3163,0
123,3166,0
123,3167,0
123,3171,1
123,3181,1
123,3190,1
123,3194,1
123,3200,0
123,3201,1
123,3213,0
123,3216,1
123,3219,1
123,3226,0
123,3230,1
123,3238,1
123,3244,1
123,3245,1
123,3246,0
123,3247,1
123,3249,0
123,3252,1
123,3256,1
123,3270,1
123,3271,0
123,3275,1
123,3277,1
123,3278,1
123,3284,1
123,3285,1
123,3286,1
123,3297,1
123,3299,0
123,3301,0
123,3307,0
123,3309,1
123,3313,1
123,3315,1
123,3323,0
123,3324,1
123,3325,0
123,3327,1
123,3332,1
123,3334,1
123,3337,1
123,3340,1
123,3344,1
123,3348,1
123,3358,0
123,3361,1
123,3362,1
123,3366,1
123,3370,1
123,3374,1
123,3381,1
123,3383,1
123,3384,1
123,3385,0
123,3387,1
123,3392,1
123,3400,1
123,3406,1
123,3408,1
123,3411,1
123,3416,1
123,3420,1
123,3424,0
123,3426,1
123,3429,1
123,3433,1
123,3437,0
123,3442,1
123,3443,0
123,3444,1
123,3446,1
123,3448,1
123,3453,0
123,3454,0
123,3455,0
123,3459,0
123,3461,1
123,3467,1
123,3474,1
123,3477,0
123,3482,1
123,3485,1
123,3486,1
123,3487,0
123,3497,1
123,3499,0
123,3507,1
123,3515,1
123,3528,1
123,3531,0
123,3532,1
123,3534,0
123,3537,1
123,3538,1
123,3546,1
123,3547,1
123,3551,1
123,3557,1
123,3578,0
123,3580,1
123,3588,0
123,3591,0
123,3593,1
123,3599,1
123,3604,1
123,3608,1
123,3613,1
123,3617,0
123,3618,1
123,3619,1
123,3621,1
123,3623,1
123,3629,1
123,3633,1
123,3635,1
123,3638,1
123,3640,0
123,3646,1
123,3653,0
123,3654,1
123,3659,1
123,3660,1
123,3670,1
123,3672,1
123,3679,1
123,3684,1
123,3695,1
123,3702,1
123,3718,0
123,3722,1
123,3729,0
123,3736,1
123,3739,1
123,3742,1
123,3745,1
123,3749,1
123,3751,1
123,3752,1
123,3753,1
123,3754,1
123,3755,0
123,3756,1
123,3757,1
123,3758,1
123,3761,0
123,3764,1
123,3766,1
123,3776,1
123,3777,1
123,3778,1
123,3780,1
123,3781,1
123,3788,0
123,3790,1
123,3791,1
123,3793,1
123,3794,1
123,3799,1
123,3808,1
123,3814,1
123,3815,1
123,3822,1
123,3838,1
123,3841,1
123,3842,1
123,3847,1
123,3858,1
123,3860,0
123,3867,0
123,3870,0
123,3874,1
123,3877,0
123,3879,1
123,3880,1
123,3882,1
123,3883,1
123,3885,1
123,3888,0
123,3889,0
123,3890,0
123,3891,0
123,3893,0
123,3903,1
123,3905,1
123,3908,1
123,3913,1
123,3915,0
123,3916,0
123,3922,1
123,3935,1
123,3938,1
123,3940,0
123,3942,0
123,3944,1
123,3946,1
123,3959,1
123,3961,1
123,3971,1
123,3972,0
123,3986,1
123,3987,1
123,3989,1
123,3994,1
123,3999,0
123,4002,1
123,4003,0
123,4004,1
123,4005,0
123,4013,0
123,4014,1
123,4015,1
123,4021,1
123,4022,1
123,4023,0
123,4028,1
123,4032,0
123,4035,1
123,4038,1
123,4040,1
123,4041,1
123,4047,1
123,4050,1
123,4055,1
123,4062,1
123,4065,1
123,4068,1
123,4073,1
123,4083,1
123,4090,1
123,4091,0
123,4097,1
123,4098,1
123,4101,1
123,4102,1
123,4108,1
123,4109,0
123,4110,1
123,4113,1
123,4114,1
123,4118,1
123,4120,0
123,4123,1
123,4125,0
123,4128,1
123,4129,0
123,4130,1
123,4138,0
123,4139,0
123,4145,1
123,4163,1
123,4165,1
123,4166,1
123,4167,1
123,4169,1
123,4170,1
123,4174,1
123,4178,1
123,4180,1
123,4181,1
123,4186,0
123,4188,1
123,4190,1
123,4199,0
123,4202,1
123,4203,1
123,4208,1
123,4211,0
123,4216,1
123,4221,1
123,4227,1
123,4236,1
123,4239,1
123,4250,1
123,4260,1
123,4262,0
123,4268,1
123,4271,1
123,4277,0
123,4278,1
123,4279,0
123,4281,0
123,4283,1
123,4290,1
123,4294,1
123,4298,1
123,4303,0
123,4304,1
123,4311,0
123,4315,0
123,4323,1
123,4324,1
123,4325,1
123,4326,1
123,4336,1
123,4338,1
123,4339,1
123,4340,1
123,4348,1
123,4353,1
123,4355,1
123,4363,1
123,4367,1
123,4372,1
123,4393,1
123,4395,1
123,4396,0
123,4410,0
123,4411,0
123,4413,1
123,4414,1
123,4416,1
123,4422,1
123,4428,0
123,4439,1
123,4446,1
123,4448,1
123,4450,0
123,4452,1
123,4453,1
123,4455,1
123,4456,1
123,4463,1
123,4465,1
123,4466,1
123,4474,1
123,4475,1
123,4477,1
123,4479,0
123,4481,1
123,4489,1
123,4490,1
123,4497,1
123,4500,0
123,4503,1
123,4505,1
123,4511,1
123,4512,1
123,4529,0
123,4531,1
123,4541,1
123,4543,1
123,4544,0
123,4547,1
123,4550,1
123,4552,0
123,4556,1
123,4565,1
123,4567,0
123,4584,1
123,4590,1
123,4591,1
123,4596,1
123,4597,1
123,4598,0
123,4600,1
123,4604,1
123,4608,0
123,4618,1
123,4620,1
123,4628,0
123,4630,1
123,4631,1
123,4633,1
123,4640,1
123,4645,1
123,4652,1
123,4654,1
123,4659,1
123,4660,0
123,4662,1
123,4663,1
123,4670,1
123,4681,1
123,4684,0
123,4687,1
123,4690,1
123,4692,1
123,4700,1
2026,1,1
2026,4,1
2026,7,0
2026,8,1
2026,10,1
2026,14,1
2026,19,1
2026,22,1
2026,23,1
2026,25,1
2026,27,1
2026,28,1
2026,30,1
2026,34,1
2026,39,1
2026,40,1
2026,51,1
2026,71,1
2026,74,1
2026,85,1
2026,88,1
2026,95,1
2026,97,1
2026,98,1
2026,100,1
2026,102,1
2026,103,1
2026,108,1
2026,109,1
2026,111,0
2026,114,1
2026,116,1
2026,119,0
2026,129,1
2026,130,1
2026,131,0
2026,133,0
2026,135,1
2026,152,1
2026,153,1
2026,158,1
2026,159,0
2026,176,0
2026,197,1
2026,202,1
2026,206,0
2026,208,1
2026,212,1
2026,215,0
2026,216,1
2026,223,1
2026,232,1
2026,233,0
2026,234,0
2026,240,1
2026,245,1
2026,255,0
2026,262,0
2026,264,1
2026,265,1
2026,273,1
2026,275,0
2026,278,1
2026,285,1
2026,288,1
2026,292,1
2026,295,1
2026,298,1
2026,304,0
2026,305,1
2026,306,1
2026,307,1
2026,308,1
2026,313,1
2026,320,1
2026,325,1
2026,332,1
2026,333,0
2026,335,1
2026,336,1
2026,338,1
2026,343,1
2026,344,1
2026,347,1
2026,350,0
2026,351,1
2026,353,1
2026,358,0
2026,369,0
2026,375,0
2026,378,1
2026,379,0
2026,381,1
2026,383,1
2026,386,1
2026,389,0
2026,390,1
2026,392,1
2026,397,1
2026,402,1
2026,404,1
2026,405,1
2026,406,1
2026,409,1
2026,411,1
2026,415,0
2026,417,1
2026,421,0
2026,426,0
2026,427,1
2026,430,1
2026,438,1
2026,447,1
2026,450,0
2026,452,1
2026,454,0
2026,456,1
2026,458,1
2026,461,1
2026,475,1
2026,477,0
2026,479,0
2026,480,0
2026,482,1
2026,484,1
2026,488,1
2026,490,1
2026,492,0
2026,493,0
2026,495,0
2026,496,1
2026,501,1
2026,502,1
2026,503,1
2026,505,1
2026,506,1
2026,512,0
2026,517,0
2026,524,0
2026,526,1
2026,529,1
2026,532,1
2026,534,0
2026,535,1
2026,536,1
2026,539,1
2026,541,1
2026,553,1
2026,557,1
2026,562,1
2026,565,0
2026,568,1
2026,572,1
2026,574,1
2026,581,0
2026,585,1
2026,594,0
2026,599,1
2026,601,1
2026,602,1
2026,605,1
2026,609,0
2026,610,1
2026,612,1
2026,622,1
2026,624,1
2026,636,1
2026,640,0
2026,648,1
2026,649,1
2026,654,0
2026,659,1
2026,664,1
2026,665,0
2026,667,1
2026,668,1
2026,669,0
2026,670,0
2026,672,1
2026,685,0
2026,691,1
2026,692,1
2026,693,0
2026,703,0
2026,707,1
2026,710,1
2026,712,1
2026,718,1
2026,724,1
2026,728,0
2026,731,1
2026,738,1
2026,746,1
2026,747,1
2026,753,1
2026,756,1
2026,760,1
2026,762,0
2026,764,0
2026,765,1
2026,766,1
2026,769,0
2026,770,1
2026,772,1
2026,777,1
2026,780,1
2026,785,1
2026,799,0
2026,805,1
2026,811,1
2026,812,1
2026,813,1
2026,816,1
2026,819,1
2026,820,0
2026,821,1
2026,822,0
2026,824,1
2026,827,1
2026,830,1
2026,841,1
2026,846,1
2026,847,1
2026,852,1
2026,853,1
2026,862,1
2026,869,1
2026,875,1
2026,892,0
2026,895,1
2026,899,1
2026,900,0
2026,901,1
2026,908,1
2026,910,1
2026,915,0
2026,916,1
2026,918,1
2026,922,1
2026,925,1
2026,927,1
2026,929,0
2026,940,1
2026,944,0
2026,945,1
2026,949,1
2026,954,1
2026,968,1
2026,973,1
2026,974,0
2026,981,0
2026,993,1
2026,994,1
2026,996,0
2026,997,0
2026,1007,1
2026,1008,1
2026,1010,1
2026,1012,1
2026,1013,1
2026,1016,1
2026,1017,1
2026,1034,1
2026,1035,0
2026,1042,1
2026,1050,1
2026,1052,0
2026,1053,1
2026,1054,0
2026,1057,1
2026,1058,1
2026,1065,1
2026,1069,0
2026,1075,1
2026,1076,0
2026,1079,0
2026,1086,1
2026,1096,1
2026,1106,1
2026,1108,1
2026,1113,1
2026,1114,0
2026,1118,1
2026,1122,1
2026,1129,1
2026,1130,1
2026,1138,1
2026,1146,1
2026,1150,1
2026,1160,1
2026,1161,1
2026,1162,1
2026,1163,0
2026,1169,0
2026,1185,0
2026,1187,1
2026,1189,1
2026,1192,1
2026,1193,1
2026,1200,1
2026,1201,0
2026,1205,0
2026,1212,1
2026,1228,0
2026,1231,0
2026,1235,1
2026,1237,1
2026,1238,1
2026,1244,1
2026,1246,1
2026,1248,1
2026,1250,1
2026,1253,1
2026,1255,0
2026,1257,1
2026,1259,1
2026,1261,1
2026,1262,1
2026,1267,1
2026,1268,1
2026,1270,1
2026,1273,0
2026,1277,1
2026,1288,1
2026,1290,0
2026,1294,1
2026,1296,1
2026,1298,0
2026,1304,1
2026,1305,0
2026,1306,0
2026,1311,1
2026,1314,1
2026,1316,1
2026,1329,1
2026,1332,1
2026,1336,1
2026,1347,1
2026,1348,0
2026,1350,1
2026,1351,1
2026,1353,1
2026,1356,0
2026,1357,0
2026,1360,1
2026,1364,1
2026,1368,1
2026,1371,1
2026,1375,1
2026,1376,1
2026,1377,0
2026,1378,1
2026,1381,1
2026,1384,0
2026,1386,0
2026,1387,1
2026,1405,1
2026,1406,1
2026,1411,1
2026,1418,1
2026,1421,1
2026,1434,0
2026,1435,1
2026,1447,1
2026,1454,1
2026,1474,1
2026,1478,1
2026,1479,1
2026,1489,1
2026,1499,0
2026,1501,1
2026,1509,0
2026,1510,0
2026,1512,1
2026,1515,0
2026,1517,1
2026,1518,1
2026,1526,1
2026,1533,1
2026,1537,1
2026,1538,1
2026,1550,1
2026,1552,1
2026,1553,1
2026,1554,1
2026,1555,0
2026,1556,1
2026,1557,0
2026,1561,0
2026,1565,0
2026,1568,0
2026,1573,0
2026,1575,1
2026,1581,1
2026,1588,1
2026,1597,0
2026,1599,1
2026,1602,1
2026,1605,0
2026,1606,0
2026,1609,0
2026,1613,0
2026,1616,1
2026,1619,1
2026,1630,1
2026,1632,0
2026,1634,0
2026,1641,0
2026,1643,0
2026,1646,1
2026,1655,1
2026,1661,1
2026,1662,0
2026,1663,1
2026,1667,1
2026,1672,1
2026,1677,1
2026,1688,1
2026,1690,1
2026,1692,1
2026,1696,1
2026,1702,1
2026,1709,1
2026,1713,1
2026,1717,0
2026,1724,0
2026,1725,1
2026,1729,1
2026,1731,1
2026,1736,1
2026,1741,0
2026,1743,1
2026,1750,1
2026,1752,1
2026,1753,1
2026,1757,1
2026,1758,1
2026,1762,1
2026,1763,1
2026,1767,1
2026,1773,0
2026,1782,0
2026,1787,1
2026,1792,1
2026,1798,1
2026,1807,1
2026,1809,0
2026,1811,1
2026,1812,0
2026,1814,0
2026,1820,1
2026,1836,0
2026,1840,1
2026,1843,1
2026,1851,0
2026,1853,1
2026,1854,1
2026,1860,1
2026,1864,0
2026,1871,0
2026,1879,1
2026,1888,1
2026,1894,1
2026,1895,1
2026,1900,1
2026,1903,1
2026,1905,0
2026,1906,0
2026,1910,1
2026,1922,1
2026,1936,0
2026,1946,1
2026,1949,0
2026,1952,0
2026,1954,0
2026,1955,1
2026,1959,0
2026,1962,1
2026,1964,0
2026,1965,0
2026,1966,1
2026,1967,1
2026,1969,0
2026,1973,1
2026,1975,1
2026,1976,1
2026,1978,0
2026,1980,0
2026,1984,1
2026,1987,1
2026,1989,1
2026,1993,1
2026,2001,1
2026,2005,1
2026,2008,1
2026,2010,1
2026,2012,0
2026,2016,1
2026,2019,1
2026,2020,1
2026,2024,1
2026,2025,1
2026,2026,1
2026,2036,1
2026,2040,0
2026,2047,1
2026,2050,0
2026,2052,1
2026,2058,1
2026,2061,0
2026,2076,1
2026,2078,1
2026,2086,1
2026,2088,1
2026,2091,1
2026,2092,1
2026,2097,1
2026,2101,0
2026,2102,0
2026,2103,1
2026,2111,1
2026,2117,1
2026,2119,0
2026,2120,1
2026,2122,1
2026,2126,1
2026,2129,0
2026,2133,1
2026,2135,1
2026,2146,1
2026,2148,0
2026,2149,1
2026,2152,1
2026,2163,1
2026,2167,0
2026,2168,1
2026,2171,0
2026,2172,1
2026,2174,1
2026,2177,1
2026,2179,1
2026,2181,0
2026,2192,1
2026,2198,0
2026,2200,0
2026,2212,0
2026,2214,0
2026,2219,1
2026,2221,1
2026,2228,1
2026,2230,1
2026,2232,1
2026,2234,1
2026,2238,1
2026,2239,1
2026,2242,1
2026,2243,1
2026,2245,1
2026,2251,1
2026,2253,1
2026,2256,0
2026,2258,1
2026,2263,1
2026,2265,0
2026,2266,0
2026,2272,1
2026,2282,0
2026,2291,1
2026,2300,1
2026,2301,0
2026,2304,1
2026,2307,1
2026,2310,1
2026,2312,1
2026,2319,0
2026,2320,1
2026,2323,1
2026,2324,1
2026,2327,1
2026,2329,0
2026,2331,1
2026,2332,1
2026,2334,1
2026,2338,1
2026,2355,0
2026,2356,0
2026,2366,1
2026,2368,1
2026,2369,1
2026,2372,1
2026,2373,0
2026,2374,1
2026,2379,1
2026,2384,1
2026,2387,1
2026,2395,1
2026,2399,1
2026,2400,1
2026,2408,1
2026,2413,1
2026,2414,1
2026,2416,1
2026,2420,1
2026,2421,1
2026,2426,1
2026,2428,0
2026,2431,1
2026,2434,1
2026,2437,1
2026,2447,1
2026,2449,1
2026,2451,1
2026,2455,1
2026,2461,1
2026,2463,1
2026,2466,0
2026,2471,1
2026,2473,0
2026,2476,1
2026,2479,1
2026,2484,1
2026,2486,0
2026,2487,1
2026,2491,1
2026,2506,0
2026,2521,1
2026,2525,1
2026,2529,0
2026,2534,1
2026,2540,1
2026,2542,1
2026,2549,1
2026,2550,0
2026,2551,1
2026,2552,1
2026,2554,0
2026,2564,1
2026,2565,0
2026,2566,0
2026,2569,0
2026,2572,1
2026,2573,1
2026,2579,0
2026,2580,0
2026,2581,1
2026,2583,1
2026,2592,1
2026,2603,0
2026,2606,1
2026,2609,1
2026,2611,1
2026,2612,1
2026,2613,1
2026,2614,0
2026,2616,1
2026,2624,1
2026,2626,1
2026,2628,1
2026,2629,1
2026,2630,1
2026,2645,1
2026,2646,1
2026,2647,1
2026,2663,1
2026,2666,1
2026,2671,1
2026,2672,1
2026,2677,1
2026,2682,0
2026,2697,1
2026,2700,1
2026,2701,1
2026,2703,1
2026,2704,0
2026,2705,1
2026,2707,0
2026,2710,1
2026,2713,1
2026,2720,1
2026,2722,0
2026,2723,1
2026,2724,0
2026,2729,0
2026,2735,1
2026,2743,0
2026,2746,1
2026,2747,1
2026,2750,1
2026,2753,0
2026,2754,1
2026,2766,1
2026,2775,1
2026,2784,1
2026,2789,0
2026,2795,1
2026,2798,0
2026,2806,0
2026,2808,1
2026,2809,1
2026,2822,1
2026,2825,0
2026,2827,1
2026,2830,1
2026,2832,1
2026,2836,0
2026,2837,0
2026,2851,1
2026,2854,1
2026,2859,1
2026,2861,1
2026,2862,1
2026,2867,1
2026,2868,1
2026,2871,1
2026,2872,0
2026,2876,1
2026,2877,1
2026,2879,1
2026,2880,0
2026,2900,0
2026,2901,1
2026,2913,1
2026,2914,1
2026,2916,1
2026,2918,1
2026,2923,1
2026,2939,1
2026,2945,1
2026,2946,1
2026,2950,1
2026,2978,1
2026,2981,1
2026,2983,1
2026,2984,1
2026,2989,0
2026,2998,1
2026,2999,1
2026,3000,1
2026,3002,1
2026,3012,0
2026,3014,1
2026,3016,1
2026,3017,0
2026,3019,1
2026,3023,1
2026,3024,0
2026,3026,0
2026,3033,1
2026,3034,0
2026,3039,1
2026,3041,1
2026,3043,1
2026,3044,1
2026,3046,1
2026,3048,1
2026,3065,0
2026,3067,0
2026,3068,1
2026,3078,1
2026,3081,1
2026,3088,1
2026,3089,1
2026,3095,1
2026,3104,1
2026,3105,1
2026,3108,0
2026,3111,1
2026,3113,1
2026,3120,1
2026,3121,1
2026,3123,1
2026,3126,1
2026,3128,1
2026,3129,0
2026,3132,1
2026,3138,1
2026,3143,0
2026,3145,1
2026,3155,1
2026,3156,1
2026,3157,1
2026,3158,1
2026,3166,0
2026,3168,1
2026,3171,1
2026,3174,1
2026,3175,0
2026,3177,1
2026,3178,1
2026,3179,1
2026,3190,1
2026,3195,1
2026,3200,0
2026,3202,1
2026,3203,1
2026,3207,1
2026,3210,1
2026,3211,1
2026,3214,0
2026,3216,1
2026,3220,1
2026,3221,1
2026,3225,1
2026,3227,0
2026,3230,1
2026,3231,1
2026,3235,1
2026,3238,1
2026,3240,1
2026,3242,0
2026,3250,1
2026,3251,1
2026,3252,1
2026,3256,1
2026,3263,0
2026,3268,1
2026,3273,1
2026,3278,1
2026,3279,1
2026,3283,1
2026,3286,1
2026,3287,1
2026,3292,0
2026,3300,0
2026,3303,1
2026,3305,1
2026,3307,0
2026,3311,0
2026,3320,1
2026,3326,1
2026,3331,1
2026,3334,1
2026,3335,1
2026,3343,1
2026,3345,0
2026,3349,1
2026,3355,1
2026,3367,1
2026,3370,1
2026,3371,1
2026,3372,0
2026,3373,0
2026,3375,0
2026,3379,1
2026,3382,0
2026,3383,1
2026,3384,1
2026,3391,1
2026,3393,1
2026,3402,1
2026,3403,1
2026,3404,1
2026,3405,0
2026,3406,1
2026,3407,1
2026,3408,1
2026,3413,1
2026,3414,1
2026,3415,1
2026,3418,1
2026,3429,1
2026,3435,0
2026,3444,1
2026,3445,1
2026,3446,1
2026,3448,1
2026,3450,1
2026,3454,0
2026,3455,0
2026,3460,1
2026,3464,1
2026,3470,1
2026,3478,1
2026,3479,1
2026,3481,1
2026,3484,1
2026,3489,1
2026,3494,0
2026,3501,1
2026,3510,1
2026,3523,0
2026,3533,1
2026,3534,0
2026,3541,1
2026,3550,1
2026,3562,0
2026,3563,1
2026,3565,1
2026,3571,1
2026,3574,1
2026,3580,1
2026,3582,1
2026,3583,1
2026,3585,1
2026,3586,1
2026,3599,1
2026,3612,1
2026,3613,1
2026,3616,1
2026,3630,1
2026,3635,1
2026,3640,0
2026,3641,1
2026,3643,0
2026,3646,1
2026,3657,0
2026,3659,1
2026,3661,0
2026,3666,1
2026,3675,1
2026,3677,1
2026,3679,1
2026,3688,1
2026,3695,1
2026,3699,1
2026,3702,1
2026,3706,1
2026,3709,0
2026,3710,1
2026,3714,1
2026,3715,1
2026,3718,0
2026,3721,1
2026,3722,1
2026,3725,1
2026,3727,1
2026,3736,1
2026,3738,1
2026,3742,1
2026,3744,1
2026,3746,1
2026,3755,0
2026,3758,1
2026,3761,0
2026,3771,0
2026,3772,1
2026,3773,1
2026,3774,0
2026,3780,1
2026,3785,1
2026,3786,0
2026,3795,0
2026,3799,1
2026,3801,1
2026,3802,1
2026,3805,0
2026,3808,1
2026,3811,1
2026,3826,1
2026,3827,1
2026,3833,1
2026,3837,0
2026,3839,1
2026,3842,1
2026,3844,1
2026,3848,1
2026,3851,1
2026,3854,1
2026,3857,1
2026,3858,1
2026,3859,1
2026,3860,0
2026,3882,1
2026,3887,1
2026,3892,1
2026,3894,1
2026,3895,1
2026,3909,1
2026,3916,0
2026,3917,1
2026,3919,1
2026,3922,1
2026,3923,0
2026,3925,1
2026,3929,0
2026,3932,1
2026,3939,1
2026,3941,0
2026,3944,1
2026,3949,1
2026,3952,1
2026,3953,1
2026,3960,1
2026,3966,0
2026,3967,1
2026,3969,0
2026,3978,1
2026,3998,1
2026,3999,0
2026,4003,0
2026,4004,1
2026,4005,0
2026,4007,0
2026,4010,1
2026,4013,0
2026,4014,1
2026,4018,1
2026,4034,1
2026,4037,1
2026,4039,1
2026,4045,1
2026,4048,1
2026,4049,1
2026,4053,0
2026,4057,1
2026,4066,1
2026,4072,1
2026,4074,0
2026,4079,0
2026,4085,1
2026,4087,1
2026,4088,1
2026,4096,1
2026,4098,1
2026,4099,0
2026,4109,0
2026,4111,1
2026,4120,0
2026,4126,1
2026,4132,1
2026,4133,1
2026,4136,1
2026,4138,0
2026,4140,0
2026,4152,1
2026,4153,0
2026,4169,1
2026,4170,1
2026,4173,0
2026,4188,1
2026,4189,1
2026,4195,0
2026,4196,1
2026,4199,0
2026,4203,1
2026,4210,1
2026,4213,1
2026,4220,0
2026,4221,1
2026,4224,1
2026,4226,1
2026,4232,1
2026,4233,1
2026,4235,1
2026,4240,1
2026,4241,1
2026,4242,1
2026,4244,0
2026,4247,1
2026,4252,1
2026,4253,0
2026,4261,1
2026,4263,0
2026,4271,1
2026,4277,0
2026,4280,1
2026,4281,0
2026,4283,1
2026,4285,0
2026,4290,1
2026,4291,1
2026,4292,1
2026,4294,1
2026,4295,1
2026,4299,0
2026,4305,1
2026,4307,0
2026,4310,0
2026,4320,0
2026,4329,0
2026,4330,1
2026,4335,0
2026,4336,1
2026,4339,1
2026,4341,1
2026,4342,1
2026,4345,1
2026,4346,1
2026,4348,1
2026,4349,0
2026,4350,1
2026,4357,1
2026,4359,1
2026,4362,1
2026,4363,1
2026,4371,1
2026,4376,1
2026,4383,1
2026,4384,1
2026,4389,1
2026,4390,1
2026,4392,1
2026,4394,0
2026,4397,1
2026,4401,1
2026,4404,0
2026,4408,1
2026,4409,0
2026,4410,0
2026,4413,1
2026,4421,0
2026,4432,1
2026,4435,0
2026,4437,1
2026,4444,0
2026,4446,1
2026,4450,0
2026,4452,1
2026,4463,1
2026,4464,1
2026,4475,1
2026,4479,0
2026,4481,1
2026,4483,0
2026,4499,1
2026,4501,1
2026,4503,1
2026,4508,0
2026,4509,1
2026,4513,1
2026,4518,1
2026,4519,1
2026,4522,1
2026,4527,0
2026,4528,1
2026,4533,1
2026,4540,0
2026,4541,1
2026,4542,1
2026,4545,1
2026,4547,1
2026,4554,1
2026,4555,1
2026,4558,1
2026,4560,0
2026,4561,1
2026,4564,0
2026,4565,1
2026,4566,1
2026,4568,0
2026,4571,0
2026,4576,1
2026,4578,0
2026,4582,1
2026,4590,1
2026,4592,1
2026,4596,1
2026,4597,1
2026,4608,0
2026,4609,1
2026,4617,1
2026,4620,1
2026,4624,1
2026,4626,1
2026,4627,1
2026,4628,0
2026,4636,1
2026,4646,1
2026,4650,1
2026,4653,1
2026,4657,1
2026,4660,0
2026,4662,1
2026,4672,0
2026,4674,1
2026,4675,1
2026,4683,1
2026,4685,1
2026,4688,0
2026,4692,1
2026,4694,1
2026,4696,1
2026,4700,1
2026,4701,1
2026,4703,1
2026,4704,1
2026,4707,1

