tsne_1,tsne_2,group
57.193115,-15.051902,Real Normal
51.53916,-15.718166,Real Normal
49.89306,-29.173416,Real Normal
2.9891942,4.8072195,Real Normal
-4.5104275,-7.059941,Real Normal
-7.5195537,-2.978216,Real Normal
-0.00784262,4.4930005,Real Normal
21.257011,20.597208,Real Normal
11.189511,0.7224034,Real Normal
-8.785657,-14.454033,Real Normal
-9.96655,6.2088556,Real Normal
-18.215336,-3.9082627,Real Normal
4.3958282,15.304885,Real Normal
47.273758,-17.950247,Real Normal
29.090475,11.593441,Real Normal
50.147835,-14.174185,Real Normal
37.09382,0.3361771,Real Normal
32.02153,19.23825,Real Normal
46.674168,-20.252417,Real Normal
-1.2199919,-7.2988386,Real Normal
35.4506,15.229459,Real Normal
3.2674046,17.11177,Real Normal
5.413361,2.0146668,Real Normal
6.4087515,2.7282138,Real Normal
6.123887,-5.420323,Real Normal
43.600204,-28.572044,Real Normal
44.060772,-7.031881,Real Normal
14.553419,7.754844,Real Normal
50.612736,-19.926136,Real Normal
39.800198,-30.473558,Real Normal
54.49468,-16.412577,Real Normal
-2.191768,-4.692149,Real Normal
44.667328,15.89611,Real Normal
39.255005,1.1354494,Real Normal
48.231567,-16.45257,Real Normal
54.086346,-22.495104,Real Normal
19.425877,10.059024,Real Normal
60.211914,-1.1804467,Real Normal
55.576653,11.021719,Real Normal
-13.932678,-9.55398,Real Normal
14.387815,16.738098,Real Normal
-2.4165483,-7.155942,Real Normal
56.85927,9.266493,Real Normal
56.79973,-16.081942,Real Normal
-7.3110514,-7.5209346,Real Normal
54.895466,11.109365,Real Normal
-20.530983,9.654827,Real Normal
61.995922,-8.105124,Real Normal
27.483631,12.064089,Real Normal
1.9817238,1.4336668,Real Normal
9.192096,15.557314,Real Normal
21.094997,14.862124,Real Normal
-6.649102,-9.310015,Real Normal
4.15833,8.877355,Real Normal
6.1965933,-10.341825,Real Normal
39.701466,-22.47312,Real Normal
45.38639,-24.793379,Real Normal
36.367958,-0.72466224,Real Normal
17.490995,16.887644,Real Normal
1.2917337,-5.920521,Real Normal
-17.288836,-14.244063,Real Normal
17.546314,3.407918,Real Normal
36.9868,17.04899,Real Normal
-12.0836315,-1.3373383,Real Normal
7.721765,-3.2680614,Real Normal
7.915241,4.15013,Real Normal
1.1886503,2.790242,Real Normal
17.724377,13.169957,Real Normal
7.088583,-26.138712,Real Normal
52.53687,13.61642,Real Normal
55.720222,7.794683,Real Normal
-2.739419,-7.600444,Real Normal
22.234793,11.940754,Real Normal
22.785719,10.283483,Real Normal
47.563698,-24.006533,Real Normal
44.7054,-18.503761,Real Normal
-5.080924,12.991599,Real Normal
-9.95925,2.6281588,Real Normal
6.055855,1.293404,Real Normal
0.047443744,-5.4014864,Real Normal
2.5140524,10.464254,Real Normal
44.172607,-20.508312,Real Normal
-4.655111,13.29945,Real Normal
-2.1600585,2.415128,Real Normal
22.130707,10.029025,Real Normal
18.900124,6.2736244,Real Normal
-2.480206,4.767973,Real Normal
56.21354,9.685679,Real Normal
46.366817,-26.131117,Real Normal
47.047188,-22.688044,Real Normal
-10.676829,5.9976234,Real Normal
-3.833337,-7.476329,Real Normal
35.463978,18.969767,Real Normal
30.558832,14.019183,Real Normal
28.059582,11.745207,Real Normal
56.94729,9.946001,Real Normal
21.570805,12.973188,Real Normal
61.14138,3.1367857,Real Normal
16.336578,10.508515,Real Normal
21.152693,2.8717253,Real Normal
13.629175,13.835145,Real Normal
-16.726765,-3.4290257,Real Normal
7.8148265,7.314225,Real Normal
44.044865,5.5759335,Real Normal
-1.8644191,-11.011361,Real Normal
35.410805,20.767818,Real Normal
14.326929,0.6386207,Real Normal
-17.615034,-8.823495,Real Normal
50.380512,4.0255194,Real Normal
20.358696,6.8029733,Real Normal
-9.861476,12.356698,Real Normal
-16.79431,-5.4720526,Real Normal
1.4427139,-1.8949571,Real Normal
16.910662,13.973395,Real Normal
35.779766,-12.642094,Real Normal
0.65687,-5.780741,Real Normal
9.775256,10.395425,Real Normal
54.4882,-16.290974,Real Normal
14.655386,11.107597,Real Normal
35.910366,21.698532,Real Normal
1.4874772,9.824736,Real Normal
16.004808,3.8358657,Real Normal
-13.478225,6.5828795,Real Normal
3.7096424,5.416912,Real Normal
55.97342,11.958692,Real Normal
8.84075,-4.506615,Real Normal
43.173286,-19.400301,Real Normal
7.103812,7.432137,Real Normal
10.920561,6.4640684,Real Normal
14.102163,5.6762996,Real Normal
55.558414,5.2498484,Real Normal
4.9916296,5.8662605,Real Normal
17.509228,0.5091116,Real Normal
2.9667635,-21.118328,Real Normal
-3.3366969,-9.414329,Real Normal
60.560177,5.7511086,Real Normal
-18.574278,-15.925412,Real Normal
-1.7227598,3.4120305,Real Normal
-7.5919485,5.622877,Real Normal
-2.5836375,9.461187,Real Normal
11.078299,8.230306,Real Normal
44.437687,-28.527952,Real Normal
50.24355,-10.806808,Real Normal
10.396697,10.313827,Real Normal
41.083393,-26.055208,Real Normal
51.685566,-24.84457,Real Normal
16.490345,-16.592665,Real Normal
22.571732,14.138432,Real Normal
48.728268,-25.92592,Real Normal
45.485443,-11.968941,Real Normal
29.855015,14.289207,Real Normal
6.9519644,12.043029,Real Normal
49.24912,-25.109718,Real Normal
11.119747,1.2002785,Real Normal
43.008327,-27.431606,Real Normal
19.519302,14.30854,Real Normal
5.143337,3.1720302,Real Normal
54.33119,-18.688194,Real Normal
-13.994581,-2.1169882,Real Normal
16.191837,1.5169138,Real Normal
8.389047,5.68709,Real Normal
49.99166,-26.013224,Real Normal
-15.105818,7.9235888,Real Normal
55.118248,3.5450497,Real Normal
-19.365143,-4.509524,Real Normal
46.04298,-28.17503,Real Normal
-4.698879,8.388083,Real Normal
26.256193,14.138024,Real Normal
61.399956,-2.6921406,Real Normal
61.704327,-1.906713,Real Normal
-0.17012964,-0.91299325,Real Normal
10.7843895,-4.4835243,Real Normal
13.875156,17.716005,Real Normal
46.53883,-30.2956,Real Normal
44.243336,5.4112787,Real Normal
41.650654,-22.601093,Real Normal
2.9804487,13.07444,Real Normal
52.019753,-17.092941,Real Normal
23.765299,10.378853,Real Normal
24.004894,7.8968925,Real Normal
-7.8463078,-1.872779,Real Normal
37.688362,16.408178,Real Normal
9.314226,12.37719,Real Normal
-13.911826,-4.9336243,Real Normal
61.923317,1.1554873,Real Normal
31.89276,-9.956032,Real Normal
39.330494,18.980963,Real Normal
13.541854,-3.4934793,Real Normal
-13.201152,-8.131993,Real Normal
38.550175,19.021286,Real Normal
52.38956,-5.4381833,Real Normal
-6.4978757,1.2431028,Real Normal
51.99805,-20.282187,Real Normal
8.425429,16.218573,Real Normal
7.770244,-4.6100774,Real Normal
4.0611334,-9.080826,Real Normal
-7.5027723,20.08678,Real Normal
33.779663,19.321245,Real Normal
58.163216,2.598839,Real Normal
-3.748374,8.4057665,Real Normal
38.95261,-13.915252,Real Normal
-10.012705,-0.49347746,Real Normal
3.4798691,12.853706,Real Normal
7.525437,-8.464138,Real Normal
14.444355,18.878523,Real Normal
29.791477,15.1503725,Real Normal
48.992584,-20.348757,Real Normal
36.25624,-9.115788,Real Normal
61.717533,9.000157,Real Normal
53.591496,-21.134315,Real Normal
-8.921863,-16.28988,Real Normal
-4.081857,8.988815,Real Normal
36.47678,18.350067,Real Normal
8.427206,5.974416,Real Normal
-2.9693244,-11.348599,Real Normal
18.566051,9.803447,Real Normal
55.124577,-20.855143,Real Normal
-3.306699,7.442813,Real Normal
18.029238,9.66266,Real Normal
-16.500252,-10.96733,Real Normal
8.341495,16.732983,Real Normal
27.4468,10.8381,Real Normal
48.83795,-16.014204,Real Normal
51.731018,4.0973396,Real Normal
39.663525,0.87256116,Real Normal
27.69025,8.487247,Real Normal
-10.268827,22.581697,Real Normal
-0.31881133,2.1691816,Real Normal
2.9080687,1.382187,Real Normal
4.6379123,8.657966,Real Normal
47.656296,6.2060738,Real Normal
11.265119,10.6551,Real Normal
16.07811,4.03276,Real Normal
53.38527,-19.156317,Real Normal
13.087997,8.622119,Real Normal
49.89884,-25.319288,Real Normal
3.9914618,-19.426819,Real Normal
36.20524,-9.901643,Real Normal
51.229378,12.965227,Real Normal
43.617405,-29.34946,Real Normal
21.776855,4.4555826,Real Normal
31.066532,10.045862,Real Normal
32.0638,10.314829,Real Normal
54.146164,7.641575,Real Normal
44.895958,-9.164954,Real Normal
37.8979,-11.449529,Real Normal
48.103966,-9.995037,Real Normal
-2.483143,-8.669771,Real Normal
49.534306,-10.006373,Real Normal
8.920428,3.304466,Real Normal
4.3132567,10.673877,Real Normal
35.058636,21.862091,Real Normal
55.778885,2.4372916,Real Normal
-5.79673,-9.631913,Real Normal
29.134415,12.651771,Real Normal
46.040592,-24.87288,Real Normal
6.347246,-0.27899924,Real Normal
8.181028,9.430055,Real Normal
1.1745731,0.51043266,Real Normal
51.8876,-15.0107765,Real Normal
1.8152314,-1.7993953,Real Normal
-3.3895185,-1.2710046,Real Normal
0.9297667,-8.4213085,Real Normal
43.46803,5.6078734,Real Normal
-4.782114,-2.5738263,Real Normal
-3.2745094,-1.3384051,Real Normal
12.457842,4.4495616,Real Normal
-8.304437,-1.2387241,Real Normal
4.1633797,-0.0601437,Real Normal
8.687177,1.997789,Real Normal
57.38951,8.378517,Real Normal
55.4465,7.5358996,Real Normal
-10.938858,4.666106,Real Normal
26.500889,-15.113947,Real Normal
39.132633,-21.632925,Real Normal
-9.015224,3.896163,Real Normal
12.061724,-4.4739056,Real Normal
54.461403,4.064776,Real Normal
-15.751191,-3.2980492,Real Normal
1.0790784,5.9020066,Real Normal
8.260832,15.602613,Real Normal
37.111645,-0.3923795,Real Normal
36.40519,21.329832,Real Normal
44.374157,-25.959538,Real Normal
50.635517,-27.590298,Real Normal
-16.409323,-11.188817,Real Normal
13.645334,2.3651247,Real Normal
31.01388,-10.900035,Real Normal
47.34073,-28.14586,Real Normal
38.049904,-16.840075,Real Normal
60.981857,1.4883362,Real Normal
51.33081,8.020492,Real Normal
3.2385817,-3.9177756,Real Normal
54.725723,4.3956113,Real Normal
38.040176,-27.685932,Real Normal
-1.8864259,-12.421941,Real Normal
47.232563,-22.213942,Real Normal
8.884314,13.153018,Real Normal
49.805954,-17.722887,Real Normal
13.14272,13.789117,Real Normal
41.779774,4.903409,Real Normal
8.852443,-0.81033146,Real Normal
43.59463,-22.598743,Real Normal
48.258656,-26.988092,Real Normal
4.947891,-6.8456736,Real Normal
43.842945,6.8261666,Real Normal
49.18728,-22.398579,Real Normal
4.665603,-5.9381986,Real Normal
49.92444,-14.738195,Real Normal
7.7413244,4.6765623,Real Normal
41.78893,-23.963158,Real Normal
46.78564,-29.494686,Real Normal
6.7988205,10.635094,Real Normal
49.872276,13.623942,Real Normal
1.4332737,6.3952317,Real Normal
7.392692,13.562725,Real Normal
-4.314434,4.0082283,Real Normal
49.85204,-11.881038,Real Normal
39.70105,-12.635202,Real Normal
21.883797,13.776014,Real Normal
4.746693,-1.3013958,Real Normal
-9.076753,0.90801597,Real Normal
-0.78210336,-9.242617,Real Normal
56.47154,10.4707,Real Normal
4.264486,-17.055365,Real Normal
-2.907678,10.559676,Real Normal
54.41103,9.687114,Real Normal
-7.4575925,5.820563,Real Normal
2.854008,8.343067,Real Normal
49.205746,7.2620373,Real Normal
49.27874,-29.48033,Real Normal
1.5444396,-11.75854,Real Normal
13.109464,8.5400915,Real Normal
5.3443246,-4.205218,Real Normal
51.431797,-18.349012,Real Normal
3.0248723,17.378044,Real Normal
50.437263,-17.462791,Real Normal
0.0051720017,-8.912183,Real Normal
1.5430303,-2.650689,Real Normal
48.49672,-15.333827,Real Normal
2.6388118,4.3075585,Real Normal
3.2523024,-7.7217,Real Normal
2.346062,-14.855086,Real Normal
25.20676,9.092519,Real Normal
16.490284,10.282804,Real Normal
40.965973,-29.26751,Real Normal
50.610714,8.392603,Real Normal
0.6693814,-2.820631,Real Normal
25.209032,12.444097,Real Normal
46.389004,5.582064,Real Normal
52.736065,13.741638,Real Normal
46.047703,-24.202988,Real Normal
0.5386619,10.470808,Real Normal
5.256154,-8.157314,Real Normal
-18.221489,-3.052191,Real Normal
9.96368,-0.7076317,Real Normal
23.682358,9.284197,Real Normal
-3.8616335,-3.5868611,Real Normal
41.887268,-23.714796,Real Normal
10.789794,3.9436312,Real Normal
49.57295,5.1460605,Real Normal
7.919711,-0.44682974,Real Normal
48.79001,-27.29904,Real Normal
6.06037,14.220415,Real Normal
29.385658,-13.7430315,Real Normal
0.19279966,-9.272393,Real Normal
57.336826,3.718187,Real Normal
18.611624,13.665328,Real Normal
12.748022,2.492704,Real Normal
13.044662,17.912863,Real Normal
25.64016,11.18889,Real Normal
22.208271,7.888469,Real Normal
46.338272,-21.68036,Real Normal
-1.404039,2.2078724,Real Normal
44.583355,-18.997763,Real Normal
42.32575,-17.32953,Real Normal
13.954528,6.460175,Real Normal
11.328243,3.9782557,Real Normal
-10.83449,-2.7282047,Real Normal
56.69093,-19.230675,Real Normal
4.2399774,20.060436,Real Normal
6.0553446,5.0436783,Real Normal
39.516106,-28.162056,Real Normal
39.45361,-28.09178,Real Normal
38.82928,-25.653688,Real Normal
2.5820568,7.34026,Real Normal
21.849245,7.201,Real Normal
42.115124,-27.487871,Real Normal
4.8278294,11.796597,Real Normal
45.51715,-15.820515,Real Normal
61.94199,-8.597957,Real Normal
7.0439534,16.40531,Real Normal
-3.029747,-3.9971814,Real Normal
45.166992,-16.636053,Real Normal
-1.5107013,-1.5994402,Real Normal
42.67814,6.592615,Real Normal
49.57438,-19.735313,Real Normal
56.70434,-19.219505,Real Normal
2.9370203,-4.6015487,Real Normal
4.10136,3.2555716,Real Normal
-22.369347,-9.565923,Real Pneumonia
-34.0337,-16.122293,Real Pneumonia
-20.246855,-6.017291,Real Pneumonia
35.446846,19.363869,Real Pneumonia
-20.28164,-19.115889,Real Pneumonia
8.854116,7.4528885,Real Pneumonia
-49.42653,-5.6847415,Real Pneumonia
-1.5713514,0.8454937,Real Pneumonia
40.8561,-19.60794,Real Pneumonia
-48.43461,-7.066569,Real Pneumonia
17.195341,-4.638842,Real Pneumonia
8.160526,-5.2270484,Real Pneumonia
-27.171581,24.413504,Real Pneumonia
12.79202,-20.84799,Real Pneumonia
-6.190648,-17.54931,Real Pneumonia
20.86097,21.471949,Real Pneumonia
-22.248589,-19.050472,Real Pneumonia
47.41629,-13.56839,Real Pneumonia
3.2546668,-20.232523,Real Pneumonia
-26.375063,-1.6850575,Real Pneumonia
27.490187,-13.736057,Real Pneumonia
-10.230231,1.0184735,Real Pneumonia
-10.610685,-13.967823,Real Pneumonia
-24.46082,4.4885755,Real Pneumonia
-19.856384,18.205334,Real Pneumonia
-23.97393,15.290139,Real Pneumonia
-3.9188938,1.6820276,Real Pneumonia
-24.25833,12.004334,Real Pneumonia
-44.415535,-8.775505,Real Pneumonia
-6.376237,-5.3252535,Real Pneumonia
-55.615143,-5.1426086,Real Pneumonia
-27.833746,0.33085063,Real Pneumonia
-33.22034,-5.226383,Real Pneumonia
-22.56158,9.990503,Real Pneumonia
-52.16707,1.3211795,Real Pneumonia
-12.744875,20.880762,Real Pneumonia
-39.004612,-10.3881855,Real Pneumonia
-38.26375,-13.907644,Real Pneumonia
-25.593132,9.286596,Real Pneumonia
-2.3238041,19.267113,Real Pneumonia
-25.233568,-2.0924864,Real Pneumonia
-19.61482,12.854517,Real Pneumonia
-42.353188,-3.111472,Real Pneumonia
-46.88712,-7.0322556,Real Pneumonia
-31.666162,-7.361944,Real Pneumonia
-50.521152,-12.561145,Real Pneumonia
-34.525234,-17.379187,Real Pneumonia
-11.234845,-4.029318,Real Pneumonia
-21.159235,16.484648,Real Pneumonia
-31.167046,-1.7218035,Real Pneumonia
-19.60483,-16.4563,Real Pneumonia
-12.889482,17.88104,Real Pneumonia
-37.06547,-12.7903185,Real Pneumonia
-48.749798,-9.345125,Real Pneumonia
-15.601471,-14.437773,Real Pneumonia
-18.058628,6.9144893,Real Pneumonia
-29.332598,3.472908,Real Pneumonia
-9.631199,-5.8889055,Real Pneumonia
8.092172,-7.429651,Real Pneumonia
-10.125539,-0.61257786,Real Pneumonia
13.060926,-10.703593,Real Pneumonia
-25.242752,10.055597,Real Pneumonia
-38.80005,-10.5503025,Real Pneumonia
-13.766461,20.839132,Real Pneumonia
-49.85562,-12.45793,Real Pneumonia
-36.150852,-10.541317,Real Pneumonia
-19.255833,-8.750277,Real Pneumonia
-52.253376,-8.891354,Real Pneumonia
-6.154681,6.2348275,Real Pneumonia
-18.219645,0.7048615,Real Pneumonia
-36.310837,1.0357282,Real Pneumonia
-14.2466345,-16.214355,Real Pneumonia
-28.676176,0.27327782,Real Pneumonia
-0.9619934,6.5204334,Real Pneumonia
-50.9544,-8.588864,Real Pneumonia
-13.195559,23.609602,Real Pneumonia
-27.23376,-11.741113,Real Pneumonia
-20.7954,6.054346,Real Pneumonia
-51.492985,-0.26147217,Real Pneumonia
-8.542054,20.066757,Real Pneumonia
-21.905249,-3.442523,Real Pneumonia
-20.80403,0.6371687,Real Pneumonia
-27.746122,-4.3755383,Real Pneumonia
12.170864,-4.5775056,Real Pneumonia
-24.805836,25.58145,Real Pneumonia
-53.508617,-7.573443,Real Pneumonia
-14.787667,6.5038195,Real Pneumonia
-42.449715,-13.345541,Real Pneumonia
-20.461073,15.071931,Real Pneumonia
29.127731,17.342793,Real Pneumonia
-20.96679,-2.458611,Real Pneumonia
-12.299734,13.600945,Real Pneumonia
-13.148631,2.5211806,Real Pneumonia
-56.5685,-3.7439542,Real Pneumonia
-13.849595,-6.2315264,Real Pneumonia
3.2237556,-22.556,Real Pneumonia
-38.758865,-16.873705,Real Pneumonia
-41.268963,-13.1080675,Real Pneumonia
-30.209023,-4.0346355,Real Pneumonia
-29.061268,7.8441057,Real Pneumonia
-0.7835674,14.367726,Real Pneumonia
0.67807823,7.658764,Real Pneumonia
-56.142147,-7.4050574,Real Pneumonia
-23.057306,-16.781794,Real Pneumonia
-25.373257,1.9620109,Real Pneumonia
-31.467993,5.8802195,Real Pneumonia
-29.173964,6.189538,Real Pneumonia
-10.94063,-11.698268,Real Pneumonia
-27.21264,4.675563,Real Pneumonia
-11.364507,-5.6790433,Real Pneumonia
-33.961662,-4.417126,Real Pneumonia
-34.884697,-13.873358,Real Pneumonia
49.38203,-18.26116,Real Pneumonia
-52.868496,-9.669811,Real Pneumonia
-54.068493,-6.6580687,Real Pneumonia
-19.981977,7.481402,Real Pneumonia
-32.031837,7.3144226,Real Pneumonia
6.508024,7.9231505,Real Pneumonia
-14.926064,15.638487,Real Pneumonia
-16.839788,0.32698286,Real Pneumonia
-29.150217,-8.092223,Real Pneumonia
42.545033,-26.407557,Real Pneumonia
9.778287,17.75179,Real Pneumonia
-20.0874,-15.147611,Real Pneumonia
-33.450638,-9.978073,Real Pneumonia
18.215574,21.350609,Real Pneumonia
-16.031752,12.163137,Real Pneumonia
-15.213974,-8.878951,Real Pneumonia
-25.17703,-4.296681,Real Pneumonia
-31.117367,-15.226265,Real Pneumonia
-26.86926,18.379078,Real Pneumonia
-43.300224,-15.839,Real Pneumonia
-18.045147,-6.4089704,Real Pneumonia
-21.896675,-7.0937924,Real Pneumonia
-17.205341,10.063633,Real Pneumonia
-23.558197,25.84869,Real Pneumonia
-19.09794,21.665968,Real Pneumonia
-19.846481,-4.47122,Real Pneumonia
-28.002474,4.723932,Real Pneumonia
-15.587168,6.094687,Real Pneumonia
-8.514462,-4.074575,Real Pneumonia
22.495958,18.762526,Real Pneumonia
-38.113007,-13.104142,Real Pneumonia
-18.18678,18.746496,Real Pneumonia
-52.83737,-2.8297777,Real Pneumonia
-25.332575,0.9310461,Real Pneumonia
-7.252036,-4.9892545,Real Pneumonia
-24.846828,16.421518,Real Pneumonia
-18.698019,11.0656595,Real Pneumonia
-14.617547,-17.935146,Real Pneumonia
-9.8773155,-7.766058,Real Pneumonia
44.669483,16.294548,Real Pneumonia
-20.621347,-5.0290093,Real Pneumonia
31.777063,-10.492676,Real Pneumonia
17.062243,-0.115481764,Real Pneumonia
-16.695908,-17.534079,Real Pneumonia
-18.49374,5.465425,Real Pneumonia
-23.163067,1.443496,Real Pneumonia
-18.76799,6.6265483,Real Pneumonia
-1.5024536,0.07529142,Real Pneumonia
-50.36216,-12.968724,Real Pneumonia
-14.068035,9.046168,Real Pneumonia
-28.115137,16.735794,Real Pneumonia
-40.63541,-13.309745,Real Pneumonia
-57.047054,-4.852848,Real Pneumonia
12.269339,-1.3488594,Real Pneumonia
-5.0381784,-17.992886,Real Pneumonia
-36.917362,-14.784834,Real Pneumonia
-54.123844,-6.6165257,Real Pneumonia
-26.363201,6.784653,Real Pneumonia
-30.128124,-2.8240929,Real Pneumonia
-38.54834,-7.510145,Real Pneumonia
1.4127818,0.7469948,Real Pneumonia
-34.80522,-14.648386,Real Pneumonia
-25.492197,-9.315508,Real Pneumonia
-12.276982,-2.7092152,Real Pneumonia
1.4381349,-19.985914,Real Pneumonia
-5.4713216,14.375581,Real Pneumonia
-43.855476,-7.7513876,Real Pneumonia
-31.538853,5.0766854,Real Pneumonia
-37.57243,-16.98862,Real Pneumonia
-12.776228,-7.955796,Real Pneumonia
0.5554375,7.9347258,Real Pneumonia
29.767344,16.288446,Real Pneumonia
-31.116941,15.948771,Real Pneumonia
-28.080154,-8.746015,Real Pneumonia
-22.864477,6.988054,Real Pneumonia
-23.316391,15.201489,Real Pneumonia
-23.981335,8.657257,Real Pneumonia
-48.60721,-7.157303,Real Pneumonia
-51.565628,0.87701744,Real Pneumonia
-16.61725,26.657986,Real Pneumonia
-52.711258,-5.798269,Real Pneumonia
-18.68401,22.022717,Real Pneumonia
-5.5929384,-12.664138,Real Pneumonia
-52.2188,-8.7435255,Real Pneumonia
-21.867811,24.292957,Real Pneumonia
-26.135502,-10.916156,Real Pneumonia
-14.224812,-5.8030286,Real Pneumonia
-7.062265,1.1341729,Real Pneumonia
-39.710575,-14.945288,Real Pneumonia
-21.775042,18.71709,Real Pneumonia
44.301647,-24.738905,Real Pneumonia
-22.390419,18.271925,Real Pneumonia
-14.768897,2.0360262,Real Pneumonia
-41.08298,-14.938726,Real Pneumonia
-50.884212,6.760031,Real Pneumonia
3.8133168,2.8993123,Real Pneumonia
-25.109419,15.55582,Real Pneumonia
-12.424457,3.38107,Real Pneumonia
-20.887655,1.5842928,Real Pneumonia
-53.177834,-4.0867286,Real Pneumonia
-55.45025,-6.195272,Real Pneumonia
-43.424473,-8.461422,Real Pneumonia
22.730358,-27.424133,Real Pneumonia
-42.60868,-9.396208,Real Pneumonia
-26.626606,21.051912,Real Pneumonia
-23.20778,0.14480881,Real Pneumonia
-57.83249,2.2429867,Real Pneumonia
-39.277798,-4.8233857,Real Pneumonia
-33.54853,-16.007204,Real Pneumonia
-16.138899,2.7069721,Real Pneumonia
-24.314524,11.421161,Real Pneumonia
-41.51512,-8.074221,Real Pneumonia
-25.61479,-6.335309,Real Pneumonia
-4.8550534,13.379114,Real Pneumonia
-51.12605,-6.0715733,Real Pneumonia
29.131756,22.400436,Real Pneumonia
-28.08983,5.536738,Real Pneumonia
-24.54429,18.008698,Real Pneumonia
-19.56494,10.740848,Real Pneumonia
-23.36468,4.0237947,Real Pneumonia
-43.857746,-4.2364783,Real Pneumonia
-23.31081,11.56468,Real Pneumonia
-54.05919,-5.247534,Real Pneumonia
-43.626957,-14.797369,Real Pneumonia
-29.479046,9.18454,Real Pneumonia
-26.520685,-18.711657,Real Pneumonia
-23.495203,-9.156278,Real Pneumonia
-40.668232,-1.7114611,Real Pneumonia
-31.971241,-15.112862,Real Pneumonia
3.6704464,-7.563839,Real Pneumonia
-28.64035,11.345002,Real Pneumonia
45.6998,-15.3573065,Real Pneumonia
-36.471836,-9.35611,Real Pneumonia
-26.984755,10.021365,Real Pneumonia
-36.85683,-6.3334956,Real Pneumonia
18.99294,19.157406,Real Pneumonia
1.2125729,-10.598153,Real Pneumonia
-22.847237,14.677817,Real Pneumonia
-15.916193,21.743856,Real Pneumonia
-15.640888,-0.36273563,Real Pneumonia
-37.97868,-11.77736,Real Pneumonia
-29.156818,0.7664417,Real Pneumonia
-26.957796,6.955062,Real Pneumonia
-3.8473706,2.0098825,Real Pneumonia
-14.492911,8.042318,Real Pneumonia
25.43121,18.39785,Real Pneumonia
-29.10446,-13.986642,Real Pneumonia
3.5652876,-1.7095679,Real Pneumonia
-39.48863,-13.384139,Real Pneumonia
48.08913,11.850981,Real Pneumonia
-15.65177,20.165821,Real Pneumonia
-27.68832,-4.3620443,Real Pneumonia
-25.275019,28.398922,Real Pneumonia
-34.732227,-12.883743,Real Pneumonia
-30.296495,-8.114041,Real Pneumonia
-20.953197,10.414684,Real Pneumonia
-48.00894,-9.450147,Real Pneumonia
-34.880955,-7.617552,Real Pneumonia
-52.352234,-10.446663,Real Pneumonia
-13.087516,1.098505,Real Pneumonia
-11.360298,22.690674,Real Pneumonia
-20.726524,17.826504,Real Pneumonia
25.380487,19.1576,Real Pneumonia
-52.55934,-12.65385,Real Pneumonia
-47.55819,-5.033933,Real Pneumonia
-27.474566,2.6008446,Real Pneumonia
-23.46539,-8.462449,Real Pneumonia
-24.238718,-1.8449681,Real Pneumonia
-8.730194,-20.013077,Real Pneumonia
-10.922753,8.300621,Real Pneumonia
41.58677,-19.516314,Real Pneumonia
-18.31933,-5.875738,Real Pneumonia
-33.79011,-10.946872,Real Pneumonia
-25.911642,4.7082996,Real Pneumonia
-21.117945,-4.9292603,Real Pneumonia
-21.012669,10.641498,Real Pneumonia
-39.34412,-12.641039,Real Pneumonia
28.437645,21.75832,Real Pneumonia
-6.8137016,-17.472982,Real Pneumonia
-5.9952393,12.162256,Real Pneumonia
-43.852787,-4.329628,Real Pneumonia
-25.886463,8.456337,Real Pneumonia
-21.16347,15.832662,Real Pneumonia
-30.426586,-5.601638,Real Pneumonia
-42.19442,-8.750421,Real Pneumonia
-7.2582893,-16.304773,Real Pneumonia
-26.080181,-8.550465,Real Pneumonia
-7.775514,-9.263791,Real Pneumonia
-14.904303,15.566824,Real Pneumonia
-19.407001,-0.8723445,Real Pneumonia
-10.490545,-5.6330957,Real Pneumonia
-21.54083,-9.028513,Real Pneumonia
-43.46418,0.12201228,Real Pneumonia
-37.324524,-11.383287,Real Pneumonia
-23.841694,25.821135,Real Pneumonia
-18.046938,-7.8388424,Real Pneumonia
-9.526051,-12.015499,Real Pneumonia
-25.409958,5.261472,Real Pneumonia
-22.887045,-9.025689,Real Pneumonia
-9.640252,-15.48861,Real Pneumonia
-18.712278,-7.9050975,Real Pneumonia
-22.13501,8.756298,Real Pneumonia
-27.325434,23.88572,Real Pneumonia
20.10923,17.958817,Real Pneumonia
6.9415517,-8.945779,Real Pneumonia
49.3529,8.983188,Real Pneumonia
-21.463284,-10.53802,Real Pneumonia
-19.984625,21.656439,Real Pneumonia
-17.571129,-5.6069922,Real Pneumonia
23.873432,-9.651219,Real Pneumonia
-14.310199,15.513617,Real Pneumonia
-27.09907,-8.443768,Real Pneumonia
-21.709618,13.591725,Real Pneumonia
-39.812923,-3.4195986,Real Pneumonia
-18.579365,-15.6616955,Real Pneumonia
-23.173882,12.880327,Real Pneumonia
-16.025415,-7.4531217,Real Pneumonia
2.149612,-19.04891,Real Pneumonia
13.167088,23.876078,Real Pneumonia
-53.278915,-3.389648,Real Pneumonia
-19.186514,13.070912,Real Pneumonia
-31.688484,-4.8456893,Real Pneumonia
0.754684,4.712878,Real Pneumonia
-30.87739,15.81918,Real Pneumonia
-21.861094,27.251131,Real Pneumonia
-40.096764,-9.0179,Real Pneumonia
-31.448671,0.07455865,Real Pneumonia
-54.766563,-4.299689,Real Pneumonia
-11.523998,20.497337,Real Pneumonia
-31.848114,-4.401509,Real Pneumonia
-19.215862,4.540456,Real Pneumonia
-24.345598,19.161318,Real Pneumonia
-17.204687,22.806202,Real Pneumonia
-12.565274,22.84402,Real Pneumonia
-23.76914,-5.313004,Real Pneumonia
-47.051075,-9.747954,Real Pneumonia
-15.509214,9.125304,Real Pneumonia
-13.726949,17.848055,Real Pneumonia
-22.189636,11.413643,Real Pneumonia
-42.19442,-8.750421,Real Pneumonia
-22.548227,17.044767,Real Pneumonia
-26.293694,14.898323,Real Pneumonia
-14.629725,1.286008,Real Pneumonia
-22.711536,-7.730204,Real Pneumonia
-4.9165235,0.73321,Real Pneumonia
-43.241524,-11.8009615,Real Pneumonia
-19.485455,-1.6505029,Real Pneumonia
14.021116,0.12342381,Real Pneumonia
-4.5624228,1.2264966,Real Pneumonia
-13.544397,3.0970116,Real Pneumonia
-15.157739,-5.6724544,Real Pneumonia
-7.839599,4.104613,Real Pneumonia
-25.81245,-12.83586,Real Pneumonia
21.117533,16.291677,Real Pneumonia
-10.393091,-12.29067,Real Pneumonia
-53.723297,-5.2804356,Real Pneumonia
11.891269,2.6358285,Real Pneumonia
-45.838875,-12.199365,Real Pneumonia
-17.25341,-1.3354757,Real Pneumonia
-19.24005,2.8426108,Real Pneumonia
-40.872036,-15.59019,Real Pneumonia
14.659983,21.599945,Real Pneumonia
-19.291956,-2.4759083,Real Pneumonia
-25.48728,-10.136839,Real Pneumonia
-26.54767,21.01981,Real Pneumonia
-21.371456,4.1674333,Real Pneumonia
-14.224786,3.5501149,Real Pneumonia
-23.043045,8.435123,Real Pneumonia
-7.7320714,7.83907,Real Pneumonia
-29.78566,7.225573,Real Pneumonia
-10.841196,-12.171601,Real Pneumonia
29.141708,18.214283,Real Pneumonia
-40.48251,-7.205598,Real Pneumonia
-19.26148,-9.179837,Real Pneumonia
-23.511808,6.8036847,Real Pneumonia
-7.900296,6.807956,Real Pneumonia
-33.318962,-10.726858,Real Pneumonia
-24.822758,-5.211893,Real Pneumonia
-14.954761,-22.976257,Real Pneumonia
-28.828173,-1.9070771,Real Pneumonia
2.8138616,-23.460886,Real Pneumonia
-35.001083,-11.218118,Real Pneumonia
-42.267303,-11.245004,Real Pneumonia
-39.874477,-7.6238766,Real Pneumonia
-14.390273,-0.059973747,Real Pneumonia
-14.807946,19.319489,Real Pneumonia
-28.979065,-0.42050833,Real Pneumonia
-0.8032194,14.50628,Real Pneumonia
42.143932,-13.606224,Synthetic Normal
49.143265,-2.2734685,Synthetic Normal
24.494974,-1.5556238,Synthetic Normal
20.69805,-4.9212456,Synthetic Normal
10.930442,-12.517856,Synthetic Normal
10.959727,-10.562671,Synthetic Normal
51.080315,6.645557,Synthetic Normal
18.768066,-8.643295,Synthetic Normal
25.849873,-17.58314,Synthetic Normal
18.391163,-4.090542,Synthetic Normal
30.654871,6.518187,Synthetic Normal
19.292768,-19.827492,Synthetic Normal
15.514241,-19.657833,Synthetic Normal
27.543816,-4.752597,Synthetic Normal
16.597631,-12.828471,Synthetic Normal
32.692375,-6.116967,Synthetic Normal
33.094265,5.3258367,Synthetic Normal
7.8975396,-20.02101,Synthetic Normal
55.63487,-3.137776,Synthetic Normal
53.119034,-3.758301,Synthetic Normal
44.77524,-4.556068,Synthetic Normal
53.626984,-0.831358,Synthetic Normal
43.480724,-0.6879665,Synthetic Normal
24.0343,-2.9229674,Synthetic Normal
36.30663,5.464715,Synthetic Normal
12.963802,-18.72146,Synthetic Normal
51.78569,7.7802796,Synthetic Normal
56.502247,-12.168136,Synthetic Normal
36.927868,-6.8768606,Synthetic Normal
12.452308,-16.355274,Synthetic Normal
57.93923,-7.272961,Synthetic Normal
37.689926,11.283166,Synthetic Normal
34.499805,-23.771172,Synthetic Normal
24.58043,-12.144993,Synthetic Normal
33.419056,-0.94846416,Synthetic Normal
31.992992,-22.393349,Synthetic Normal
35.52873,3.2071471,Synthetic Normal
26.299204,-10.802513,Synthetic Normal
-11.6839,0.28184822,Synthetic Normal
47.55284,-0.8308752,Synthetic Normal
30.848948,-20.933912,Synthetic Normal
32.591675,-17.461449,Synthetic Normal
37.83646,-6.0091157,Synthetic Normal
56.387917,-4.117965,Synthetic Normal
30.732998,1.1462078,Synthetic Normal
30.58319,-4.876179,Synthetic Normal
55.67127,-7.868369,Synthetic Normal
50.313454,-3.4650962,Synthetic Normal
55.14773,-4.369592,Synthetic Normal
28.229902,-4.902924,Synthetic Normal
31.884403,7.3087554,Synthetic Normal
14.316622,-24.642311,Synthetic Normal
13.756304,-19.225061,Synthetic Normal
38.587395,9.166457,Synthetic Normal
9.054628,-16.242573,Synthetic Normal
23.111069,3.010928,Synthetic Normal
20.645906,-6.8835692,Synthetic Normal
52.443176,1.2529109,Synthetic Normal
54.859318,-0.6949044,Synthetic Normal
11.220304,-9.540661,Synthetic Normal
25.719555,5.2105474,Synthetic Normal
45.75893,1.0388858,Synthetic Normal
51.538597,0.104744814,Synthetic Normal
58.53438,-3.640818,Synthetic Normal
15.076708,-15.983495,Synthetic Normal
59.561768,-5.6370745,Synthetic Normal
33.91838,-14.760899,Synthetic Normal
25.961205,-20.949406,Synthetic Normal
-35.276527,18.685871,Synthetic Normal
44.37222,-0.22255817,Synthetic Normal
41.967915,-5.7985697,Synthetic Normal
53.861618,-3.063869,Synthetic Normal
14.625333,-11.287948,Synthetic Normal
53.25574,-4.6042175,Synthetic Normal
18.984756,-17.866009,Synthetic Normal
33.37393,6.1417637,Synthetic Normal
52.683296,-0.90866244,Synthetic Normal
36.305862,-20.567404,Synthetic Normal
49.234898,-0.013494519,Synthetic Normal
59.620052,-6.785082,Synthetic Normal
28.110708,-12.864318,Synthetic Normal
14.159988,-24.775288,Synthetic Normal
23.026754,-4.0791435,Synthetic Normal
36.386005,-11.216406,Synthetic Normal
33.354618,-12.58675,Synthetic Normal
32.694756,5.1381946,Synthetic Normal
40.888573,9.270214,Synthetic Normal
37.298565,-4.6899214,Synthetic Normal
25.998001,-18.346872,Synthetic Normal
14.185631,-23.184875,Synthetic Normal
25.512753,-4.638033,Synthetic Normal
35.65269,-18.923313,Synthetic Normal
33.743755,-4.352712,Synthetic Normal
30.515995,-23.307869,Synthetic Normal
51.31747,10.0376625,Synthetic Normal
20.327518,-21.992844,Synthetic Normal
32.82763,-4.111297,Synthetic Normal
40.243755,9.039104,Synthetic Normal
57.741035,-4.1971793,Synthetic Normal
30.716824,-2.663704,Synthetic Normal
-18.049799,14.760513,Synthetic Normal
46.12388,-0.09671306,Synthetic Normal
31.863613,-19.00954,Synthetic Normal
22.08858,-15.756409,Synthetic Normal
15.368748,-24.377798,Synthetic Normal
28.721033,-4.494322,Synthetic Normal
25.02727,-2.819414,Synthetic Normal
37.806988,4.6650224,Synthetic Normal
25.32089,2.6494565,Synthetic Normal
33.27082,3.223356,Synthetic Normal
27.899855,-2.2034912,Synthetic Normal
39.004986,-10.079994,Synthetic Normal
32.609245,-16.789413,Synthetic Normal
47.40706,2.2306857,Synthetic Normal
45.38448,-8.839159,Synthetic Normal
29.31126,-1.6865776,Synthetic Normal
11.062231,-10.419506,Synthetic Normal
22.580061,-17.5969,Synthetic Normal
36.99017,-4.423397,Synthetic Normal
50.483532,-10.244193,Synthetic Normal
27.002716,-22.753584,Synthetic Normal
-34.606255,5.3328834,Synthetic Normal
44.64819,14.070414,Synthetic Normal
20.733704,-11.36686,Synthetic Normal
53.60653,-1.3301222,Synthetic Normal
59.905685,-8.2427845,Synthetic Normal
29.327635,2.420442,Synthetic Normal
25.255568,-21.340395,Synthetic Normal
32.631256,-5.346466,Synthetic Normal
55.632133,-1.4465195,Synthetic Normal
18.274294,-10.821205,Synthetic Normal
38.932034,-3.7279518,Synthetic Normal
17.847132,-13.471473,Synthetic Normal
23.85204,0.053103074,Synthetic Normal
40.853817,-9.915476,Synthetic Normal
14.447217,10.762608,Synthetic Normal
7.7928753,-17.147814,Synthetic Normal
15.521991,-8.722963,Synthetic Normal
22.900589,-15.221481,Synthetic Normal
54.80359,-2.433727,Synthetic Normal
28.232794,-11.933344,Synthetic Normal
46.2995,1.28759,Synthetic Normal
33.201065,-20.419453,Synthetic Normal
31.549225,2.7757318,Synthetic Normal
34.241695,4.1701355,Synthetic Normal
14.913192,-14.340171,Synthetic Normal
20.755701,-10.603051,Synthetic Normal
17.737476,-4.3658867,Synthetic Normal
20.339497,-2.5089054,Synthetic Normal
32.734863,-14.133396,Synthetic Normal
40.15149,-0.9056837,Synthetic Normal
49.63096,-5.5335474,Synthetic Normal
34.965103,-4.9971533,Synthetic Normal
47.54732,-7.0694923,Synthetic Normal
22.897379,-25.260988,Synthetic Normal
12.842328,-8.558236,Synthetic Normal
29.808123,-4.3588486,Synthetic Normal
-23.371681,-14.496001,Synthetic Normal
-2.1205006,-15.618232,Synthetic Normal
51.213528,10.441742,Synthetic Normal
55.1725,-7.4892263,Synthetic Normal
19.583082,-22.308325,Synthetic Normal
40.118313,-6.4250712,Synthetic Normal
26.050783,5.521409,Synthetic Normal
19.827879,6.14325,Synthetic Normal
33.59312,8.146193,Synthetic Normal
32.8833,-22.327429,Synthetic Normal
35.578228,-2.4103665,Synthetic Normal
12.122086,-16.527128,Synthetic Normal
48.194458,-5.259286,Synthetic Normal
12.376041,-11.985772,Synthetic Normal
60.21732,-9.873036,Synthetic Normal
59.290207,-7.870334,Synthetic Normal
10.413231,-16.795855,Synthetic Normal
35.27178,-4.6042514,Synthetic Normal
34.43065,6.0551057,Synthetic Normal
39.73788,-8.805,Synthetic Normal
36.076572,4.680079,Synthetic Normal
30.315565,-18.049494,Synthetic Normal
36.118572,2.6734874,Synthetic Normal
21.843185,-9.64873,Synthetic Normal
30.50827,-2.9908752,Synthetic Normal
21.100567,-12.485046,Synthetic Normal
41.56458,-13.7224655,Synthetic Normal
36.497948,9.122054,Synthetic Normal
36.060226,-17.414268,Synthetic Normal
18.303934,-21.336681,Synthetic Normal
28.727999,-12.562105,Synthetic Normal
28.97558,-6.5815096,Synthetic Normal
23.023785,-8.981414,Synthetic Normal
25.076492,-11.933542,Synthetic Normal
52.20844,-6.934366,Synthetic Normal
31.090385,-0.15438044,Synthetic Normal
26.948647,6.238989,Synthetic Normal
43.819477,10.765558,Synthetic Normal
54.1066,-5.396182,Synthetic Normal
19.699726,-16.826311,Synthetic Normal
27.681923,-11.547023,Synthetic Normal
15.864406,-19.307816,Synthetic Normal
37.25983,-20.129114,Synthetic Normal
41.137474,-10.944915,Synthetic Normal
28.517097,-7.9484916,Synthetic Normal
31.137526,-0.042574722,Synthetic Normal
27.69067,-6.3334756,Synthetic Normal
59.621357,-9.437266,Synthetic Normal
13.711099,-12.289601,Synthetic Normal
38.178802,4.432563,Synthetic Normal
42.736805,-2.8316648,Synthetic Normal
49.74373,-3.5265648,Synthetic Normal
12.30327,-14.755177,Synthetic Normal
23.376305,-7.588083,Synthetic Normal
-14.886333,25.709538,Synthetic Normal
53.65306,-9.34433,Synthetic Normal
21.887747,-6.3369913,Synthetic Normal
42.083218,1.4703636,Synthetic Normal
35.095173,6.597912,Synthetic Normal
37.80252,-19.951809,Synthetic Normal
18.995012,-15.48516,Synthetic Normal
10.982634,-14.072055,Synthetic Normal
42.30622,-10.320038,Synthetic Normal
23.632109,4.556713,Synthetic Normal
27.097437,-1.1711853,Synthetic Normal
25.838537,0.7932966,Synthetic Normal
15.532251,-13.829452,Synthetic Normal
28.370615,-10.855126,Synthetic Normal
21.685665,-22.65105,Synthetic Normal
14.313306,-7.434994,Synthetic Normal
14.454526,-17.215517,Synthetic Normal
21.821432,-8.895962,Synthetic Normal
29.569748,-18.22141,Synthetic Normal
27.935085,-20.343302,Synthetic Normal
-44.40981,30.86878,Synthetic Normal
35.093174,7.0417714,Synthetic Normal
45.958668,-4.8037157,Synthetic Normal
24.817442,-8.19579,Synthetic Normal
31.766186,2.8446622,Synthetic Normal
28.036509,9.304717,Synthetic Normal
20.043018,-12.111614,Synthetic Normal
55.660892,-0.8318714,Synthetic Normal
54.278133,-8.756507,Synthetic Normal
35.853794,-16.726614,Synthetic Normal
13.7544775,-8.614229,Synthetic Normal
4.6151166,-20.470867,Synthetic Normal
43.47185,9.883946,Synthetic Normal
36.986908,-22.599028,Synthetic Normal
15.92704,-8.496475,Synthetic Normal
50.9295,-0.34149355,Synthetic Normal
-14.979587,17.840841,Synthetic Normal
44.661434,-1.7635274,Synthetic Normal
56.77993,-9.980072,Synthetic Normal
36.16087,-14.608538,Synthetic Normal
30.415342,-17.094078,Synthetic Normal
26.47238,4.0527043,Synthetic Normal
41.229927,-7.4527345,Synthetic Normal
30.070374,-7.4233394,Synthetic Normal
7.9042783,-25.673735,Synthetic Normal
47.976757,0.8670999,Synthetic Normal
39.832073,-5.711122,Synthetic Normal
25.615643,-19.04454,Synthetic Normal
56.45731,-1.6256448,Synthetic Normal
35.978874,-10.603336,Synthetic Normal
60.56074,-5.503498,Synthetic Normal
35.937786,-20.239843,Synthetic Normal
11.200953,-8.687714,Synthetic Normal
55.858677,-7.711759,Synthetic Normal
41.916065,1.4573463,Synthetic Normal
59.080776,-10.397384,Synthetic Normal
29.871979,-15.769547,Synthetic Normal
40.03325,-12.993264,Synthetic Normal
16.009798,-8.2122965,Synthetic Normal
53.15983,7.9490094,Synthetic Normal
32.44624,1.568291,Synthetic Normal
33.190372,-23.267752,Synthetic Normal
51.562344,-2.4434311,Synthetic Normal
54.07044,1.2158717,Synthetic Normal
40.791695,-1.1474233,Synthetic Normal
25.02004,-13.024417,Synthetic Normal
16.353563,-2.514094,Synthetic Normal
28.20082,-21.820461,Synthetic Normal
31.55614,-8.207597,Synthetic Normal
33.230698,-1.0766355,Synthetic Normal
15.873646,-10.401714,Synthetic Normal
23.09874,-16.608833,Synthetic Normal
51.959457,1.2760288,Synthetic Normal
36.23783,7.1679354,Synthetic Normal
-31.058365,19.188341,Synthetic Normal
39.271152,11.732667,Synthetic Normal
19.096416,-24.792814,Synthetic Normal
47.476757,-3.3282168,Synthetic Normal
7.3852944,-14.8473835,Synthetic Normal
39.28224,-0.425931,Synthetic Normal
14.328818,-18.307795,Synthetic Normal
16.660637,-21.697653,Synthetic Normal
58.695908,-4.128395,Synthetic Normal
20.204819,-11.072843,Synthetic Normal
56.241856,-5.858866,Synthetic Normal
46.509384,-0.3604951,Synthetic Normal
37.057354,-14.698118,Synthetic Normal
22.171421,-14.013996,Synthetic Normal
52.575615,-4.0508466,Synthetic Normal
17.421684,-18.20699,Synthetic Normal
29.01818,-1.7448095,Synthetic Normal
24.711836,-5.766442,Synthetic Normal
22.92895,-12.504048,Synthetic Normal
35.12474,-14.91331,Synthetic Normal
44.071014,-1.0506585,Synthetic Normal
53.972023,-11.023724,Synthetic Normal
40.72639,-10.099046,Synthetic Normal
59.004765,-7.509102,Synthetic Normal
20.893892,-20.685225,Synthetic Normal
53.567932,7.2848706,Synthetic Normal
49.986217,-7.4320536,Synthetic Normal
61.541378,-3.2629507,Synthetic Normal
35.970367,-3.2073853,Synthetic Normal
31.159449,-3.7412908,Synthetic Normal
11.115752,-14.992196,Synthetic Normal
48.809383,-6.5820227,Synthetic Normal
35.486103,5.3427005,Synthetic Normal
57.03771,-0.8951607,Synthetic Normal
49.573402,-6.1203566,Synthetic Normal
18.922544,-15.936683,Synthetic Normal
51.916286,-10.413208,Synthetic Normal
35.231888,5.161087,Synthetic Normal
43.425037,-11.646282,Synthetic Normal
56.905006,-11.440938,Synthetic Normal
36.146103,-3.168986,Synthetic Normal
34.12904,9.593607,Synthetic Normal
48.266575,3.0435572,Synthetic Normal
50.645485,-5.5885067,Synthetic Normal
22.074432,2.8887165,Synthetic Normal
54.231533,-3.0949397,Synthetic Normal
47.85988,2.8323388,Synthetic Normal
-17.972805,27.061954,Synthetic Normal
25.496927,2.131219,Synthetic Normal
-15.313553,26.810175,Synthetic Normal
57.110245,-3.8856795,Synthetic Normal
24.486574,-21.61961,Synthetic Normal
54.576355,-9.67045,Synthetic Normal
21.838226,-0.45214477,Synthetic Normal
33.492992,-21.397694,Synthetic Normal
33.827923,-2.128788,Synthetic Normal
42.102013,-6.08088,Synthetic Normal
52.961605,9.426476,Synthetic Normal
37.736774,-18.903605,Synthetic Normal
29.532452,4.4891953,Synthetic Normal
16.862986,-12.271332,Synthetic Normal
51.666336,0.47327828,Synthetic Normal
43.739304,-6.2908835,Synthetic Normal
28.56871,-21.835175,Synthetic Normal
18.931053,-10.369016,Synthetic Normal
33.938633,-6.314904,Synthetic Normal
15.9645195,-15.042889,Synthetic Normal
34.27479,4.3834424,Synthetic Normal
34.700855,-24.162823,Synthetic Normal
19.204275,-14.7528925,Synthetic Normal
35.149113,-25.409212,Synthetic Normal
25.30335,-4.227712,Synthetic Normal
44.121784,-1.9103717,Synthetic Normal
3.1839325,-17.438604,Synthetic Normal
21.117777,-6.484539,Synthetic Normal
32.357265,-2.0433,Synthetic Normal
25.655548,1.3048166,Synthetic Normal
19.501522,-17.182503,Synthetic Normal
22.357372,-19.123512,Synthetic Normal
18.725832,-18.872705,Synthetic Normal
22.364584,-1.06423,Synthetic Normal
18.453318,-21.282019,Synthetic Normal
21.61725,-13.647225,Synthetic Normal
32.206047,-7.090638,Synthetic Normal
50.502304,-4.652494,Synthetic Normal
36.990887,-22.59804,Synthetic Normal
28.544954,-0.8172371,Synthetic Normal
14.673824,-13.118712,Synthetic Normal
23.365408,-25.1633,Synthetic Normal
57.71834,0.44572228,Synthetic Normal
-35.995506,9.878075,Synthetic Normal
23.913643,-1.7370062,Synthetic Normal
53.030376,-2.1729088,Synthetic Normal
13.200558,-12.885577,Synthetic Normal
23.700167,-3.236333,Synthetic Normal
43.294083,-3.7238312,Synthetic Normal
44.635777,2.6444006,Synthetic Normal
43.438763,9.59954,Synthetic Normal
52.25987,-2.2893713,Synthetic Normal
22.769268,-19.101067,Synthetic Normal
42.566868,-14.540354,Synthetic Normal
37.0458,-1.4731199,Synthetic Normal
35.573982,-6.339942,Synthetic Normal
15.070019,-12.175709,Synthetic Normal
11.001589,-19.754894,Synthetic Normal
38.30443,-0.9151062,Synthetic Normal
56.756294,-10.408586,Synthetic Normal
31.710255,8.041704,Synthetic Normal
29.300863,-20.534996,Synthetic Normal
62.095966,-5.6811895,Synthetic Normal
19.298658,-23.832561,Synthetic Normal
39.54533,-3.0762725,Synthetic Normal
39.790337,3.6067646,Synthetic Normal
35.457527,-20.68302,Synthetic Normal
40.543247,-15.2175865,Synthetic Normal
-56.150784,7.067207,Synthetic Pneumonia
-55.700954,-1.8480599,Synthetic Pneumonia
-13.22934,-23.557728,Synthetic Pneumonia
-33.281643,3.8325858,Synthetic Pneumonia
-14.108839,-22.052544,Synthetic Pneumonia
-11.138996,-19.658064,Synthetic Pneumonia
-41.587578,3.0256934,Synthetic Pneumonia
-49.20972,16.293756,Synthetic Pneumonia
-44.90878,27.054407,Synthetic Pneumonia
-57.106117,3.5765061,Synthetic Pneumonia
-49.69261,18.46567,Synthetic Pneumonia
-45.425762,14.157101,Synthetic Pneumonia
-46.569427,12.0061455,Synthetic Pneumonia
-58.437325,7.2679486,Synthetic Pneumonia
-21.97778,5.576484,Synthetic Pneumonia
-37.54275,15.999975,Synthetic Pneumonia
-49.935303,10.198683,Synthetic Pneumonia
-45.148647,25.730387,Synthetic Pneumonia
-47.81124,22.363548,Synthetic Pneumonia
-17.088726,-18.847027,Synthetic Pneumonia
-46.61475,3.7272356,Synthetic Pneumonia
-12.058847,-24.721165,Synthetic Pneumonia
-37.9083,11.168808,Synthetic Pneumonia
-51.09043,-3.858515,Synthetic Pneumonia
-56.16398,5.6670737,Synthetic Pneumonia
-26.901047,-20.618395,Synthetic Pneumonia
-39.651295,8.96584,Synthetic Pneumonia
-47.214394,24.592531,Synthetic Pneumonia
-25.458927,-16.750685,Synthetic Pneumonia
52.596214,9.996994,Synthetic Pneumonia
-49.330063,-3.6930757,Synthetic Pneumonia
-47.41806,18.944183,Synthetic Pneumonia
-28.922928,13.292202,Synthetic Pneumonia
-39.10645,7.0927176,Synthetic Pneumonia
-36.117996,3.2350292,Synthetic Pneumonia
-34.30531,5.474804,Synthetic Pneumonia
-26.29723,-16.07419,Synthetic Pneumonia
-48.611,10.277338,Synthetic Pneumonia
-49.232758,-0.7915772,Synthetic Pneumonia
-45.560154,8.930838,Synthetic Pneumonia
-44.205685,10.811247,Synthetic Pneumonia
37.263737,7.2670794,Synthetic Pneumonia
-34.943783,1.3993455,Synthetic Pneumonia
-26.777357,15.978783,Synthetic Pneumonia
-30.391706,-21.768597,Synthetic Pneumonia
-45.636345,25.361696,Synthetic Pneumonia
-43.115437,4.9303527,Synthetic Pneumonia
-52.00991,4.516757,Synthetic Pneumonia
-37.059708,13.275083,Synthetic Pneumonia
-57.567913,-3.652307,Synthetic Pneumonia
-26.644342,13.055786,Synthetic Pneumonia
-50.667408,2.361339,Synthetic Pneumonia
-34.61154,-1.8149376,Synthetic Pneumonia
-32.169586,-19.374521,Synthetic Pneumonia
-23.651815,17.041441,Synthetic Pneumonia
-50.4446,-4.517397,Synthetic Pneumonia
-31.931332,11.859547,Synthetic Pneumonia
-58.01384,7.6624475,Synthetic Pneumonia
-26.586578,-22.076387,Synthetic Pneumonia
-48.224785,-3.9082348,Synthetic Pneumonia
-22.352783,-13.217018,Synthetic Pneumonia
-44.972797,23.566563,Synthetic Pneumonia
-31.652756,-18.000011,Synthetic Pneumonia
-38.952854,17.400463,Synthetic Pneumonia
-39.869766,8.419701,Synthetic Pneumonia
38.395206,-13.010453,Synthetic Pneumonia
-54.716167,5.418459,Synthetic Pneumonia
-49.243042,23.9311,Synthetic Pneumonia
-37.156673,14.921171,Synthetic Pneumonia
-41.848656,0.53643507,Synthetic Pneumonia
-51.492054,11.579795,Synthetic Pneumonia
-57.982403,9.125281,Synthetic Pneumonia
-24.840282,-18.745945,Synthetic Pneumonia
-32.3836,23.70027,Synthetic Pneumonia
8.599736,-25.227146,Synthetic Pneumonia
-36.22151,4.3021574,Synthetic Pneumonia
-46.397007,16.572577,Synthetic Pneumonia
-55.693142,11.15668,Synthetic Pneumonia
-39.65394,10.460486,Synthetic Pneumonia
19.631931,-6.787276,Synthetic Pneumonia
-23.0409,-19.16245,Synthetic Pneumonia
-28.478338,-14.744325,Synthetic Pneumonia
-49.737816,18.869482,Synthetic Pneumonia
-35.760784,25.671057,Synthetic Pneumonia
-30.40921,-21.796774,Synthetic Pneumonia
-58.318077,5.3903413,Synthetic Pneumonia
-33.918896,11.130889,Synthetic Pneumonia
-55.11468,-1.6926541,Synthetic Pneumonia
-28.627811,-18.482147,Synthetic Pneumonia
-48.76755,2.6653726,Synthetic Pneumonia
-48.552525,9.699471,Synthetic Pneumonia
-35.547672,24.204594,Synthetic Pneumonia
-48.429573,14.996748,Synthetic Pneumonia
-8.942433,16.451288,Synthetic Pneumonia
17.841227,-4.214106,Synthetic Pneumonia
-24.096586,2.2631063,Synthetic Pneumonia
-43.962883,-1.8735589,Synthetic Pneumonia
20.542288,-7.7900505,Synthetic Pneumonia
-39.466263,1.2399844,Synthetic Pneumonia
-37.476578,22.437506,Synthetic Pneumonia
0.09822365,-18.20006,Synthetic Pneumonia
-43.54515,-0.9156439,Synthetic Pneumonia
-8.645184,-19.995651,Synthetic Pneumonia
12.178936,-25.331146,Synthetic Pneumonia
-23.513962,-17.51522,Synthetic Pneumonia
-43.931152,23.228264,Synthetic Pneumonia
-41.095573,0.19560423,Synthetic Pneumonia
-27.632914,-20.70407,Synthetic Pneumonia
-12.1685705,13.688595,Synthetic Pneumonia
-33.8182,12.397426,Synthetic Pneumonia
-46.502537,13.329571,Synthetic Pneumonia
-43.310883,22.526804,Synthetic Pneumonia
-42.30857,29.060974,Synthetic Pneumonia
-54.708157,-2.0167286,Synthetic Pneumonia
-39.378918,28.6425,Synthetic Pneumonia
-40.442703,4.5180125,Synthetic Pneumonia
-38.74984,4.2480664,Synthetic Pneumonia
-48.127453,21.042822,Synthetic Pneumonia
20.766336,-18.231747,Synthetic Pneumonia
-36.65515,26.86174,Synthetic Pneumonia
-37.326515,12.949057,Synthetic Pneumonia
-32.86237,23.18371,Synthetic Pneumonia
-55.831142,2.3952153,Synthetic Pneumonia
-41.238865,26.556189,Synthetic Pneumonia
-46.460552,27.33135,Synthetic Pneumonia
8.2624655,-15.358061,Synthetic Pneumonia
-43.927032,12.378343,Synthetic Pneumonia
-33.402885,-1.7365903,Synthetic Pneumonia
48.092842,11.03724,Synthetic Pneumonia
-34.72967,-4.01794,Synthetic Pneumonia
-56.004883,-2.5685766,Synthetic Pneumonia
-50.583706,13.230494,Synthetic Pneumonia
24.235735,-6.215763,Synthetic Pneumonia
-54.31554,6.5034065,Synthetic Pneumonia
15.515474,-3.5218933,Synthetic Pneumonia
-43.013687,15.350278,Synthetic Pneumonia
-35.89559,-3.0069907,Synthetic Pneumonia
-45.984497,1.2581897,Synthetic Pneumonia
48.31184,10.4066515,Synthetic Pneumonia
-55.57988,6.72097,Synthetic Pneumonia
40.38568,10.566583,Synthetic Pneumonia
-46.47743,9.340698,Synthetic Pneumonia
-44.064938,11.303958,Synthetic Pneumonia
-52.585773,12.581686,Synthetic Pneumonia
-31.312012,9.859915,Synthetic Pneumonia
-32.944374,-18.191534,Synthetic Pneumonia
-43.20438,30.537632,Synthetic Pneumonia
-48.142796,17.03949,Synthetic Pneumonia
-33.67715,10.121502,Synthetic Pneumonia
-44.28731,20.721931,Synthetic Pneumonia
-33.124603,12.887792,Synthetic Pneumonia
-39.21301,18.925968,Synthetic Pneumonia
-40.895603,11.401829,Synthetic Pneumonia
-42.359604,-1.4532139,Synthetic Pneumonia
-49.88205,13.634568,Synthetic Pneumonia
-24.289274,-15.524317,Synthetic Pneumonia
30.017056,6.4676456,Synthetic Pneumonia
-45.624554,15.702445,Synthetic Pneumonia
25.682749,17.66875,Synthetic Pneumonia
-47.593746,27.145002,Synthetic Pneumonia
-26.100668,-15.163238,Synthetic Pneumonia
-30.664522,21.194397,Synthetic Pneumonia
-53.689674,15.638582,Synthetic Pneumonia
-53.90758,11.11196,Synthetic Pneumonia
-35.18511,-2.0895932,Synthetic Pneumonia
-38.834675,26.332966,Synthetic Pneumonia
-32.643047,27.85541,Synthetic Pneumonia
9.096007,-13.126244,Synthetic Pneumonia
-47.3251,1.719039,Synthetic Pneumonia
14.441772,-16.010382,Synthetic Pneumonia
36.811886,10.801325,Synthetic Pneumonia
-42.488987,14.490703,Synthetic Pneumonia
-41.157505,2.6821847,Synthetic Pneumonia
-40.093662,15.873373,Synthetic Pneumonia
-49.46854,21.081554,Synthetic Pneumonia
-13.160928,12.290661,Synthetic Pneumonia
-16.925842,-18.10177,Synthetic Pneumonia
-48.579758,8.401014,Synthetic Pneumonia
-55.83597,9.170253,Synthetic Pneumonia
-57.263226,6.0108166,Synthetic Pneumonia
-39.602203,3.8803868,Synthetic Pneumonia
-38.981247,24.267519,Synthetic Pneumonia
-29.901993,21.744392,Synthetic Pneumonia
-39.979446,31.507658,Synthetic Pneumonia
52.007923,-7.3814535,Synthetic Pneumonia
-20.358505,6.974012,Synthetic Pneumonia
-36.509247,21.95122,Synthetic Pneumonia
16.787947,17.633265,Synthetic Pneumonia
-48.62636,20.332548,Synthetic Pneumonia
-44.39167,26.37435,Synthetic Pneumonia
-45.575603,7.444857,Synthetic Pneumonia
-37.121075,25.698662,Synthetic Pneumonia
-39.351273,14.192667,Synthetic Pneumonia
-46.351124,7.16384,Synthetic Pneumonia
28.262596,1.0974923,Synthetic Pneumonia
-53.134567,15.658489,Synthetic Pneumonia
-59.05576,6.996754,Synthetic Pneumonia
-30.607876,4.2288733,Synthetic Pneumonia
-33.160927,12.642455,Synthetic Pneumonia
-39.67096,26.525549,Synthetic Pneumonia
-36.792404,11.523184,Synthetic Pneumonia
-19.478443,27.373636,Synthetic Pneumonia
-52.062065,13.856915,Synthetic Pneumonia
-38.76885,6.8702435,Synthetic Pneumonia
30.207144,5.412756,Synthetic Pneumonia
-48.04459,4.7254024,Synthetic Pneumonia
-41.328568,17.678905,Synthetic Pneumonia
9.2319,-21.64929,Synthetic Pneumonia
-47.107372,7.030856,Synthetic Pneumonia
-45.105366,-2.297763,Synthetic Pneumonia
-44.961533,4.953071,Synthetic Pneumonia
-27.736004,-16.697266,Synthetic Pneumonia
-30.027721,-17.325127,Synthetic Pneumonia
-36.023006,12.078843,Synthetic Pneumonia
-57.773434,10.006606,Synthetic Pneumonia
0.78520113,-18.150578,Synthetic Pneumonia
-56.70486,-0.5913155,Synthetic Pneumonia
-51.21019,-6.6384697,Synthetic Pneumonia
43.599594,12.420845,Synthetic Pneumonia
-49.078968,13.352012,Synthetic Pneumonia
-50.231846,11.996475,Synthetic Pneumonia
13.819457,-14.840502,Synthetic Pneumonia
-37.96828,19.869816,Synthetic Pneumonia
-26.725836,17.107513,Synthetic Pneumonia
-31.609144,1.0354866,Synthetic Pneumonia
-47.34319,-0.9418982,Synthetic Pneumonia
-32.686375,-1.5527047,Synthetic Pneumonia
-35.956947,7.467661,Synthetic Pneumonia
-35.355587,24.508795,Synthetic Pneumonia
-25.713673,11.192599,Synthetic Pneumonia
-41.30158,-5.407373,Synthetic Pneumonia
-43.293293,26.072247,Synthetic Pneumonia
-40.38494,30.242825,Synthetic Pneumonia
-10.675882,9.335859,Synthetic Pneumonia
-45.24255,12.235376,Synthetic Pneumonia
-48.658947,0.5676824,Synthetic Pneumonia
-28.49625,14.157839,Synthetic Pneumonia
-45.07919,3.6802113,Synthetic Pneumonia
47.422993,12.68064,Synthetic Pneumonia
-40.795853,30.460636,Synthetic Pneumonia
-44.256996,0.04673342,Synthetic Pneumonia
-57.74842,6.5238175,Synthetic Pneumonia
46.879154,9.134125,Synthetic Pneumonia
-34.85198,-1.2272664,Synthetic Pneumonia
-25.459736,-18.283163,Synthetic Pneumonia
-49.919704,9.625701,Synthetic Pneumonia
-35.15815,1.4526161,Synthetic Pneumonia
-54.311554,4.2369246,Synthetic Pneumonia
-54.16995,2.58978,Synthetic Pneumonia
-53.642334,10.113689,Synthetic Pneumonia
-48.991684,11.19686,Synthetic Pneumonia
-46.778725,13.569075,Synthetic Pneumonia
-26.015388,-16.772362,Synthetic Pneumonia
-50.704254,16.952854,Synthetic Pneumonia
-44.38588,30.524996,Synthetic Pneumonia
-52.5446,4.148695,Synthetic Pneumonia
-44.1312,22.16979,Synthetic Pneumonia
-53.85737,-1.2446638,Synthetic Pneumonia
-35.87647,3.7347672,Synthetic Pneumonia
-42.612133,16.212116,Synthetic Pneumonia
-42.076275,11.894722,Synthetic Pneumonia
-48.049374,10.724301,Synthetic Pneumonia
38.724575,11.651756,Synthetic Pneumonia
-48.25403,19.28875,Synthetic Pneumonia
-41.610603,6.4736743,Synthetic Pneumonia
-30.620573,-19.241905,Synthetic Pneumonia
-52.774136,10.071512,Synthetic Pneumonia
-56.108826,-4.5071096,Synthetic Pneumonia
-28.553246,13.61902,Synthetic Pneumonia
-57.178482,-2.2974575,Synthetic Pneumonia
-31.738869,-18.145634,Synthetic Pneumonia
-32.819412,0.045145787,Synthetic Pneumonia
-43.24164,13.338071,Synthetic Pneumonia
-42.950275,24.755508,Synthetic Pneumonia
-39.378834,24.772001,Synthetic Pneumonia
-58.199215,11.537603,Synthetic Pneumonia
-54.100285,8.122651,Synthetic Pneumonia
35.334747,12.020247,Synthetic Pneumonia
-31.820816,20.92162,Synthetic Pneumonia
-31.839445,-12.111892,Synthetic Pneumonia
-46.168896,16.553404,Synthetic Pneumonia
-35.015987,20.740082,Synthetic Pneumonia
-39.824135,16.62219,Synthetic Pneumonia
-33.91549,7.055768,Synthetic Pneumonia
-39.966454,10.551854,Synthetic Pneumonia
-33.602985,4.5347943,Synthetic Pneumonia
-27.91762,19.316889,Synthetic Pneumonia
-46.605316,19.156845,Synthetic Pneumonia
-36.63814,27.382372,Synthetic Pneumonia
-35.3254,26.665518,Synthetic Pneumonia
-37.19153,11.206115,Synthetic Pneumonia
-50.780216,8.242676,Synthetic Pneumonia
-27.888107,-15.267567,Synthetic Pneumonia
34.89617,8.53968,Synthetic Pneumonia
-44.85031,17.162006,Synthetic Pneumonia
-37.54686,6.0231214,Synthetic Pneumonia
16.626524,-7.292227,Synthetic Pneumonia
-37.50402,30.392775,Synthetic Pneumonia
28.162281,2.3072658,Synthetic Pneumonia
-51.287094,10.067764,Synthetic Pneumonia
-32.300613,-9.583619,Synthetic Pneumonia
-30.608044,8.83998,Synthetic Pneumonia
-55.66718,7.8974953,Synthetic Pneumonia
-52.266735,3.3756764,Synthetic Pneumonia
-39.509624,22.805702,Synthetic Pneumonia
-32.566216,2.7612736,Synthetic Pneumonia
-50.42653,8.797942,Synthetic Pneumonia
-35.36042,25.839348,Synthetic Pneumonia
-46.105785,28.339659,Synthetic Pneumonia
-34.198063,26.039154,Synthetic Pneumonia
-43.848125,23.60977,Synthetic Pneumonia
-38.519615,23.203432,Synthetic Pneumonia
-39.015995,8.289828,Synthetic Pneumonia
-54.05178,7.9911766,Synthetic Pneumonia
-26.362598,-19.957489,Synthetic Pneumonia
-52.58875,1.7700558,Synthetic Pneumonia
-14.240996,25.052622,Synthetic Pneumonia
-55.600193,13.309693,Synthetic Pneumonia
-55.588856,4.6425276,Synthetic Pneumonia
-45.67688,21.974903,Synthetic Pneumonia
-44.120667,17.945864,Synthetic Pneumonia
8.856749,-20.029497,Synthetic Pneumonia
-25.96488,13.286412,Synthetic Pneumonia
-42.85363,6.3404617,Synthetic Pneumonia
-41.581394,7.3121552,Synthetic Pneumonia
-55.171104,1.176685,Synthetic Pneumonia
-46.70341,3.41082,Synthetic Pneumonia
-38.01984,9.283457,Synthetic Pneumonia
-51.404694,8.00058,Synthetic Pneumonia
-51.747257,18.091427,Synthetic Pneumonia
-48.592422,-4.9392414,Synthetic Pneumonia
-32.927036,2.3946385,Synthetic Pneumonia
-42.26758,20.087643,Synthetic Pneumonia
-46.042557,23.763397,Synthetic Pneumonia
-32.96366,1.4893161,Synthetic Pneumonia
-38.801205,14.167256,Synthetic Pneumonia
-42.617733,14.522017,Synthetic Pneumonia
-30.876457,1.8104591,Synthetic Pneumonia
-1.3571999,-17.988625,Synthetic Pneumonia
-48.849335,-5.250784,Synthetic Pneumonia
-35.094383,21.365995,Synthetic Pneumonia
-48.737526,5.731568,Synthetic Pneumonia
-51.168926,14.531114,Synthetic Pneumonia
-37.668564,23.998278,Synthetic Pneumonia
-51.44171,17.517773,Synthetic Pneumonia
-45.87888,2.8545358,Synthetic Pneumonia
-42.226788,22.133482,Synthetic Pneumonia
5.3821583,-10.842288,Synthetic Pneumonia
-46.103386,-0.5639255,Synthetic Pneumonia
-36.09657,28.924902,Synthetic Pneumonia
-57.231895,9.670943,Synthetic Pneumonia
-14.025652,21.01023,Synthetic Pneumonia
-30.442278,4.124504,Synthetic Pneumonia
-37.265366,26.58282,Synthetic Pneumonia
-56.212578,10.982779,Synthetic Pneumonia
47.075203,11.070346,Synthetic Pneumonia
-41.039055,30.042189,Synthetic Pneumonia
-43.86176,28.226963,Synthetic Pneumonia
-59.46656,8.368447,Synthetic Pneumonia
-46.10978,20.244532,Synthetic Pneumonia
-45.111122,14.583153,Synthetic Pneumonia
-32.165012,18.694569,Synthetic Pneumonia
-33.439793,9.581704,Synthetic Pneumonia
1.605024,-12.049837,Synthetic Pneumonia
-36.164925,8.694517,Synthetic Pneumonia
5.4331765,-11.408231,Synthetic Pneumonia
9.95705,-17.691841,Synthetic Pneumonia
-42.505768,-0.9837168,Synthetic Pneumonia
-49.060425,17.806652,Synthetic Pneumonia
-35.789898,15.24439,Synthetic Pneumonia
-32.020164,-12.126159,Synthetic Pneumonia
-54.573475,-3.371075,Synthetic Pneumonia
-47.414833,5.3053527,Synthetic Pneumonia
-37.736378,18.046715,Synthetic Pneumonia
-37.982517,-0.7425866,Synthetic Pneumonia
-49.179996,1.9534671,Synthetic Pneumonia
30.09905,0.3651595,Synthetic Pneumonia
11.339435,-12.833232,Synthetic Pneumonia
-38.29471,31.850801,Synthetic Pneumonia
-41.512432,10.291148,Synthetic Pneumonia
-35.312714,19.324615,Synthetic Pneumonia
-42.7778,9.010654,Synthetic Pneumonia
44.180023,12.681684,Synthetic Pneumonia
-20.518509,4.2985444,Synthetic Pneumonia
-49.598217,3.147126,Synthetic Pneumonia
-38.07432,19.520266,Synthetic Pneumonia
-41.713737,5.7414246,Synthetic Pneumonia
-34.957542,14.682926,Synthetic Pneumonia
-49.156513,5.370906,Synthetic Pneumonia
-49.193394,6.8334885,Synthetic Pneumonia
-41.846146,30.430784,Synthetic Pneumonia
-38.05372,30.94615,Synthetic Pneumonia
-56.02094,8.167783,Synthetic Pneumonia
-14.154021,-22.75431,Synthetic Pneumonia
-12.581425,-18.027203,Synthetic Pneumonia
-50.457718,11.04332,Synthetic Pneumonia
-42.405567,3.1332507,Synthetic Pneumonia
-13.772166,-13.835549,Synthetic Pneumonia
-33.461525,-11.817996,Synthetic Pneumonia
-57.062775,-0.5393376,Synthetic Pneumonia

